{
  "type": "FeatureCollection",
  "generator": "overpass-turbo",
  "copyright": "The data included in this document is from www.openstreetmap.org. The data is made available under ODbL.",
  "timestamp": "2026-09-22T08:45:51Z",
  "features": [
    {
      "type": "Feature",
      "properties": {
        "@id": "way/23724013",
        "addr:city": "Sarajevo",
        "addr:housenumber": "1",
        "addr:postcode": "71000",
        "addr:street": "Trg Bosne i Hercegovine",
        "admin_level": "2",
        "amenity": "public_building",
        "architect": "Juraj Neidhardt",
        "architect:wikidata": "Q984053",
        "building": "government",
        "building:levels": "5",
        "check_date": "2026-03-09",
        "government": "parliament",
        "name": "Zgrada Parlamentarne skupštine Bosne i Hercegovine",
        "name:bs": "Zgrada Parlamentarne skupštine Bosne i Hercegovine",
        "name:en": "Parliamentary Assembly of Bosnia and Herzegovina Building",
        "name:hr": "Zgrada Parlamentarne skupštine Bosne i Hercegovine",
        "name:sr": "Зграда Парламентарне скупштине Босне и Херцеговине",
        "office": "government",
        "roof:shape": "flat",
        "source": "ba:fgu;survey;official_data",
        "website": "https://www.parlament.ba/",
        "wheelchair": "yes",
        "wikidata": "Q109779074",
        "wikipedia": "bs:Zgrada Parlamentarne skupštine Bosne i Hercegovine",
        "@geometry": "center"
      },
      "geometry": {
        "type": "Point",
        "coordinates": [
          18.4057107,
          43.8545612
        ]
      },
      "id": "way/23724013"
    },
    {
      "type": "Feature",
      "properties": {
        "@id": "way/23724025",
        "addr:city": "Sarajevo",
        "addr:housenumber": "1",
        "addr:postcode": "71000",
        "addr:street": "Trg Bosne i Hercegovine",
        "admin_level": "2",
        "amenity": "public_building",
        "architect": "Juraj Neidhardt",
        "architect:wikidata": "Q984053",
        "building": "government",
        "building:levels": "21",
        "check_date": "2026-03-09",
        "government": "national",
        "height": "80",
        "name": "Zgrada prijateljstva između Grčke i Bosne i Hercegovine",
        "name:bs": "Zgrada prijateljstva između Grčke i Bosne i Hercegovine",
        "name:el": "Οικοδόμηση φιλίας μεταξύ Ελλάδας και Βοσνίας-Ερζεγοβίνης",
        "name:en": "Greece–Bosnia and Herzegovina Friendship Building",
        "name:hr": "Zgrada prijateljstva između Grčke i Bosne i Hercegovine",
        "name:sr": "Зграда пријатељства између Грчке и Босне i Херцеговине",
        "office": "government",
        "old_name": "Zgrada Izvršnog vijeća",
        "source": "survey;official_data;architectural_record",
        "website": "https://www.vijeceministara.gov.ba/",
        "wheelchair": "yes",
        "wikidata": "Q3437287",
        "wikimedia_commons": "Category:Greece–Bosnia and Herzegovina Friendship Building",
        "@geometry": "center"
      },
      "geometry": {
        "type": "Point",
        "coordinates": [
          18.4051839,
          43.8551282
        ]
      },
      "id": "way/23724025"
    },
    {
      "type": "Feature",
      "properties": {
        "@id": "way/150506144",
        "addr:city": "Sarajevo",
        "addr:housenumber": "185",
        "addr:postcode": "71000",
        "addr:street": "Džemala Bijedića",
        "amenity": "fast_food",
        "building": "yes",
        "drive_through": "yes",
        "name": "BASH",
        "operator": "A.W.G d.o.o.",
        "phone": "+387 33 745 931",
        "website": "https://www.bash.ba",
        "@geometry": "center"
      },
      "geometry": {
        "type": "Point",
        "coordinates": [
          18.3370914,
          43.8441404
        ]
      },
      "id": "way/150506144"
    },
    {
      "type": "Feature",
      "properties": {
        "@id": "way/167719193",
        "addr:city": "Istočno Sarajevo",
        "addr:housenumber": "8",
        "addr:postcode": "71123",
        "addr:street": "Aerodromska",
        "amenity": "restaurant",
        "building": "yes",
        "name": "Lovac na jelene",
        "source": "Bing imagery",
        "@geometry": "center"
      },
      "geometry": {
        "type": "Point",
        "coordinates": [
          18.343787,
          43.8091475
        ]
      },
      "id": "way/167719193"
    },
    {
      "type": "Feature",
      "properties": {
        "@id": "way/171039562",
        "amenity": "restaurant",
        "building": "yes",
        "cuisine": "pizza",
        "name": "CJ10 ECHOS",
        "@geometry": "center"
      },
      "geometry": {
        "type": "Point",
        "coordinates": [
          18.3395193,
          43.8122133
        ]
      },
      "id": "way/171039562"
    },
    {
      "type": "Feature",
      "properties": {
        "@id": "way/176628613",
        "amenity": "cafe",
        "building": "yes",
        "name": "Cafe Royale",
        "name:sr": "Кафе Ројал",
        "name:sr-Latn": "Cafe Royale",
        "@geometry": "center"
      },
      "geometry": {
        "type": "Point",
        "coordinates": [
          18.3418251,
          43.8140365
        ]
      },
      "id": "way/176628613"
    },
    {
      "type": "Feature",
      "properties": {
        "@id": "way/176628614",
        "amenity": "bar",
        "building": "yes",
        "name": "Millenium Bar",
        "name:sr": "Миленијум Бар",
        "name:sr-Latn": "Millenium Bar",
        "@geometry": "center"
      },
      "geometry": {
        "type": "Point",
        "coordinates": [
          18.3416565,
          43.8142095
        ]
      },
      "id": "way/176628614"
    },
    {
      "type": "Feature",
      "properties": {
        "@id": "way/190246894",
        "amenity": "restaurant",
        "building": "yes",
        "name": "Café Bubamara",
        "@geometry": "center"
      },
      "geometry": {
        "type": "Point",
        "coordinates": [
          18.4127113,
          43.8783332
        ]
      },
      "id": "way/190246894"
    },
    {
      "type": "Feature",
      "properties": {
        "@id": "way/190658214",
        "amenity": "cafe",
        "building": "yes",
        "check_date": "2026-06-02",
        "check_date:opening_hours": "2026-06-02",
        "cuisine": "coffee_shop",
        "name": "Ministry of Ćejf",
        "opening_hours": "Mo-Sa 10:00-16:30",
        "@geometry": "center"
      },
      "geometry": {
        "type": "Point",
        "coordinates": [
          18.4322633,
          43.8603256
        ]
      },
      "id": "way/190658214"
    },
    {
      "type": "Feature",
      "properties": {
        "@id": "way/190663569",
        "amenity": "cafe",
        "brand": "Caribou Coffee",
        "brand:wikidata": "Q5039494",
        "building": "yes",
        "cuisine": "coffee_shop",
        "internet_access": "yes",
        "name": "Caribou Coffee",
        "opening_hours": "Mo-Su 07:00-23:00",
        "outdoor_seating": "yes",
        "phone": "+38733538235",
        "takeaway": "yes",
        "website": "https://cariboucoffee.ba/",
        "@geometry": "center"
      },
      "geometry": {
        "type": "Point",
        "coordinates": [
          18.4310498,
          43.8599522
        ]
      },
      "id": "way/190663569"
    },
    {
      "type": "Feature",
      "properties": {
        "@id": "way/191280568",
        "addr:city": "Sarajevo",
        "addr:housenumber": "57",
        "addr:postcode": "71000",
        "addr:street": "Gazi Husrev-begova",
        "amenity": "cafe",
        "building": "yes",
        "cuisine": "coffee_shop",
        "name": "Dr. Dogge",
        "@geometry": "center"
      },
      "geometry": {
        "type": "Point",
        "coordinates": [
          18.4280505,
          43.8595927
        ]
      },
      "id": "way/191280568"
    },
    {
      "type": "Feature",
      "properties": {
        "@id": "way/191388836",
        "addr:housenumber": "1",
        "addr:postcode": "71000",
        "addr:street": "Veliki Alifakovac",
        "amenity": "restaurant",
        "building": "yes",
        "check_date": "2026-04-05",
        "cuisine": "regional;balkan",
        "int_name": "The Spite House",
        "level": "0",
        "name": "Inat kuća",
        "name:sr": "Inat kuća",
        "name:tr": "İnat Evi",
        "outdoor_seating": "yes",
        "payment:cards": "no",
        "payment:credit_cards": "no",
        "payment:debit_cards": "no",
        "phone": "+387 33 489-767",
        "smoking": "yes",
        "toilets": "yes",
        "tourism": "attraction",
        "wheelchair": "limited",
        "wikidata": "Q1257066",
        "wikimedia_commons": "Category:Inat kuća",
        "wikipedia": "bs:Inat kuća",
        "@geometry": "center"
      },
      "geometry": {
        "type": "Point",
        "coordinates": [
          18.4342505,
          43.8585585
        ]
      },
      "id": "way/191388836"
    },
    {
      "type": "Feature",
      "properties": {
        "@id": "way/191495313",
        "amenity": "cafe",
        "building": "yes",
        "name": "Kafee",
        "source": "Bing",
        "@geometry": "center"
      },
      "geometry": {
        "type": "Point",
        "coordinates": [
          18.3524648,
          43.8430787
        ]
      },
      "id": "way/191495313"
    },
    {
      "type": "Feature",
      "properties": {
        "@id": "way/191965890",
        "addr:city": "Sarajevo",
        "addr:housenumber": "bb",
        "addr:postcode": "71000",
        "addr:street": "Bihaćka",
        "amenity": "cafe",
        "building": "yes",
        "internet_access": "yes",
        "name": "Esmas Caffe",
        "source": "Bing",
        "@geometry": "center"
      },
      "geometry": {
        "type": "Point",
        "coordinates": [
          18.3762179,
          43.8492198
        ]
      },
      "id": "way/191965890"
    },
    {
      "type": "Feature",
      "properties": {
        "@id": "way/193024569",
        "amenity": "fast_food",
        "building": "yes",
        "cuisine": "balkan;regional",
        "name": "Bagrem",
        "opening_hours": "Mo-Su 08:00-20:00",
        "@geometry": "center"
      },
      "geometry": {
        "type": "Point",
        "coordinates": [
          18.4051538,
          43.8582835
        ]
      },
      "id": "way/193024569"
    },
    {
      "type": "Feature",
      "properties": {
        "@id": "way/193588989",
        "addr:street": "Merhemića trg",
        "amenity": "cafe",
        "building": "yes",
        "layer": "1",
        "@geometry": "center"
      },
      "geometry": {
        "type": "Point",
        "coordinates": [
          18.4092768,
          43.8653156
        ]
      },
      "id": "way/193588989"
    },
    {
      "type": "Feature",
      "properties": {
        "@id": "way/193589189",
        "addr:street": "Merhemića trg",
        "amenity": "cafe",
        "building": "yes",
        "@geometry": "center"
      },
      "geometry": {
        "type": "Point",
        "coordinates": [
          18.4091983,
          43.8650266
        ]
      },
      "id": "way/193589189"
    },
    {
      "type": "Feature",
      "properties": {
        "@id": "way/202263793",
        "addr:city": "Istočno Sarajevo",
        "addr:housenumber": "71",
        "addr:postcode": "71123",
        "addr:street": "Vojvode Radomira Putnika",
        "amenity": "cafe",
        "building": "house",
        "internet_access": "wlan",
        "name": "Bakus",
        "name:sr": "Бакус",
        "name:sr-Latn": "Bakus",
        "@geometry": "center"
      },
      "geometry": {
        "type": "Point",
        "coordinates": [
          18.3677345,
          43.8280409
        ]
      },
      "id": "way/202263793"
    },
    {
      "type": "Feature",
      "properties": {
        "@id": "way/202886578",
        "addr:city": "Istočno Sarajevo",
        "addr:housenumber": "61",
        "addr:postcode": "71123",
        "addr:street": "Vojvode Radomira Putnika",
        "amenity": "restaurant",
        "building": "yes",
        "name": "S K S",
        "name:sr": "С К С",
        "name:sr-Latn": "S K S",
        "@geometry": "center"
      },
      "geometry": {
        "type": "Point",
        "coordinates": [
          18.3650686,
          43.8268415
        ]
      },
      "id": "way/202886578"
    },
    {
      "type": "Feature",
      "properties": {
        "@id": "way/220487757",
        "amenity": "restaurant",
        "building": "yes",
        "@geometry": "center"
      },
      "geometry": {
        "type": "Point",
        "coordinates": [
          18.2987667,
          43.8326935
        ]
      },
      "id": "way/220487757"
    },
    {
      "type": "Feature",
      "properties": {
        "@id": "way/233635948",
        "amenity": "restaurant",
        "building": "yes",
        "cuisine": "regional",
        "name": "Restaurant Labud",
        "@geometry": "center"
      },
      "geometry": {
        "type": "Point",
        "coordinates": [
          18.2693253,
          43.8186432
        ]
      },
      "id": "way/233635948"
    },
    {
      "type": "Feature",
      "properties": {
        "@id": "way/247763959",
        "amenity": "restaurant",
        "building": "yes",
        "cuisine": "regional;international",
        "name": "Restoran Stare Vrbe",
        "@geometry": "center"
      },
      "geometry": {
        "type": "Point",
        "coordinates": [
          18.402571,
          43.8753279
        ]
      },
      "id": "way/247763959"
    },
    {
      "type": "Feature",
      "properties": {
        "@id": "way/269684353",
        "addr:housenumber": "29",
        "addr:street": "Braće Mulića",
        "amenity": "restaurant",
        "building": "yes",
        "name": "Pizzeria Dino",
        "@geometry": "center"
      },
      "geometry": {
        "type": "Point",
        "coordinates": [
          18.3404696,
          43.8296625
        ]
      },
      "id": "way/269684353"
    },
    {
      "type": "Feature",
      "properties": {
        "@id": "way/277803740",
        "addr:city": "Sarajevo",
        "addr:postcode": "71000",
        "addr:street": "Ive Andrića",
        "amenity": "fast_food",
        "building": "yes",
        "delivery": "yes",
        "drive_through": "yes",
        "name": "Fast food LUX",
        "opening_hours": "Mo-Sa 07:30-23:00",
        "phone": "+38761989666",
        "smoking": "yes",
        "takeaway": "yes",
        "wheelchair": "yes",
        "@geometry": "center"
      },
      "geometry": {
        "type": "Point",
        "coordinates": [
          18.3480507,
          43.8450949
        ]
      },
      "id": "way/277803740"
    },
    {
      "type": "Feature",
      "properties": {
        "@id": "way/284391431",
        "addr:city": "Dovlići",
        "addr:housenumber": "1",
        "addr:street": "Brus 2.",
        "amenity": "restaurant",
        "building": "yes",
        "name": "Trebevićki raj",
        "name:sr": "Требевићки рај",
        "name:sr-Latn": "Trebevićki raj",
        "phone": "+387 66 945-766",
        "@geometry": "center"
      },
      "geometry": {
        "type": "Point",
        "coordinates": [
          18.4695646,
          43.830479
        ]
      },
      "id": "way/284391431"
    },
    {
      "type": "Feature",
      "properties": {
        "@id": "way/286595458",
        "amenity": "cafe",
        "building": "yes",
        "internet_access": "yes",
        "name": "caffe Twister",
        "@geometry": "center"
      },
      "geometry": {
        "type": "Point",
        "coordinates": [
          18.3502827,
          43.8457441
        ]
      },
      "id": "way/286595458"
    },
    {
      "type": "Feature",
      "properties": {
        "@id": "way/297424363",
        "amenity": "cafe",
        "building": "yes",
        "@geometry": "center"
      },
      "geometry": {
        "type": "Point",
        "coordinates": [
          18.3441513,
          43.8415709
        ]
      },
      "id": "way/297424363"
    },
    {
      "type": "Feature",
      "properties": {
        "@id": "way/315534737",
        "amenity": "restaurant",
        "building": "yes",
        "name": "Studio 1",
        "@geometry": "center"
      },
      "geometry": {
        "type": "Point",
        "coordinates": [
          18.3870741,
          43.8563455
        ]
      },
      "id": "way/315534737"
    },
    {
      "type": "Feature",
      "properties": {
        "@id": "way/334276573",
        "amenity": "cafe",
        "building": "yes",
        "cuisine": "regional",
        "name": "Mozzart",
        "name:sr": "Моцарт",
        "name:sr-Latn": "Mozzart",
        "@geometry": "center"
      },
      "geometry": {
        "type": "Point",
        "coordinates": [
          18.3585102,
          43.8281393
        ]
      },
      "id": "way/334276573"
    },
    {
      "type": "Feature",
      "properties": {
        "@id": "way/337159902",
        "addr:city": "Istočno Sarajevo",
        "addr:housenumber": "32",
        "addr:postcode": "71123",
        "addr:street": "Ravnogorska",
        "amenity": "restaurant",
        "building": "yes",
        "name": "Kula",
        "name:sr": "Кула",
        "name:sr-Latn": "Kula",
        "@geometry": "center"
      },
      "geometry": {
        "type": "Point",
        "coordinates": [
          18.3494855,
          43.8159945
        ]
      },
      "id": "way/337159902"
    },
    {
      "type": "Feature",
      "properties": {
        "@id": "way/342933429",
        "addr:city": "Sarajevo",
        "addr:housenumber": "bb",
        "addr:postcode": "71000",
        "addr:street": "Alipašina",
        "amenity": "fast_food",
        "building": "yes",
        "drive_through": "yes",
        "name": "BASH",
        "phone": "+387 33 745 934",
        "website": "https://www.bash.ba/",
        "@geometry": "center"
      },
      "geometry": {
        "type": "Point",
        "coordinates": [
          18.4008474,
          43.8789934
        ]
      },
      "id": "way/342933429"
    },
    {
      "type": "Feature",
      "properties": {
        "@id": "way/355422520",
        "amenity": "restaurant",
        "building": "yes",
        "capacity": "200",
        "cuisine": "regional",
        "name": "Motel Royal",
        "smoking": "yes",
        "@geometry": "center"
      },
      "geometry": {
        "type": "Point",
        "coordinates": [
          18.3255125,
          43.9001854
        ]
      },
      "id": "way/355422520"
    },
    {
      "type": "Feature",
      "properties": {
        "@id": "way/355944741",
        "addr:city": "Istočno Novo Sarajeo",
        "addr:postcode": "71123",
        "addr:street": "Vojvode Radomira Putnika",
        "amenity": "restaurant",
        "building": "house",
        "cuisine": "regional",
        "name": "Filipovo ognjište",
        "name:sr": "Филипово огњиште",
        "name:sr-Latn": "Filipovo ognjište",
        "@geometry": "center"
      },
      "geometry": {
        "type": "Point",
        "coordinates": [
          18.368128,
          43.8283115
        ]
      },
      "id": "way/355944741"
    },
    {
      "type": "Feature",
      "properties": {
        "@id": "way/402509568",
        "amenity": "restaurant",
        "building": "yes",
        "cuisine": "regional",
        "name": "Sahan",
        "@geometry": "center"
      },
      "geometry": {
        "type": "Point",
        "coordinates": [
          18.312913,
          43.8368299
        ]
      },
      "id": "way/402509568"
    },
    {
      "type": "Feature",
      "properties": {
        "@id": "node/492137265",
        "amenity": "cafe",
        "name": "Art"
      },
      "geometry": {
        "type": "Point",
        "coordinates": [
          18.4122772,
          43.867595
        ]
      },
      "id": "node/492137265"
    },
    {
      "type": "Feature",
      "properties": {
        "@id": "node/524782368",
        "amenity": "restaurant",
        "name": "Golf club",
        "outdoor_seating": "yes",
        "payment:cash": "yes",
        "payment:contactless": "yes",
        "payment:credit_cards": "yes",
        "payment:mastercard": "yes",
        "payment:visa": "yes"
      },
      "geometry": {
        "type": "Point",
        "coordinates": [
          18.4093188,
          43.885238
        ]
      },
      "id": "node/524782368"
    },
    {
      "type": "Feature",
      "properties": {
        "@id": "node/537077247",
        "amenity": "pub",
        "name": "Stari Ilijaš"
      },
      "geometry": {
        "type": "Point",
        "coordinates": [
          18.2668012,
          43.9465707
        ]
      },
      "id": "node/537077247"
    },
    {
      "type": "Feature",
      "properties": {
        "@id": "node/537080172",
        "amenity": "restaurant",
        "name": "Jasmin"
      },
      "geometry": {
        "type": "Point",
        "coordinates": [
          18.2669299,
          43.9464347
        ]
      },
      "id": "node/537080172"
    },
    {
      "type": "Feature",
      "properties": {
        "@id": "node/538079917",
        "amenity": "bar",
        "name": "BH Discoteque"
      },
      "geometry": {
        "type": "Point",
        "coordinates": [
          18.2780269,
          43.9408235
        ]
      },
      "id": "node/538079917"
    },
    {
      "type": "Feature",
      "properties": {
        "@id": "way/569615073",
        "addr:city": "Istočno Sarajevo",
        "addr:housenumber": "4",
        "addr:postcode": "71123",
        "addr:street": "Spasovdanska",
        "amenity": "restaurant",
        "building": "yes",
        "cuisine": "pizza",
        "name": "Picerija \"Zlatno zrno\"",
        "name:sr": "Пицерија \"Златно зрно\"",
        "name:sr-Latn": "Picerija \"Zlatno zrno\"",
        "@geometry": "center"
      },
      "geometry": {
        "type": "Point",
        "coordinates": [
          18.364401,
          43.8225889
        ]
      },
      "id": "way/569615073"
    },
    {
      "type": "Feature",
      "properties": {
        "@id": "node/571036290",
        "amenity": "restaurant",
        "name": "Malo polje"
      },
      "geometry": {
        "type": "Point",
        "coordinates": [
          18.249679,
          43.7679355
        ]
      },
      "id": "node/571036290"
    },
    {
      "type": "Feature",
      "properties": {
        "@id": "way/641837242",
        "amenity": "restaurant",
        "building": "yes",
        "name": "Mali raj",
        "@geometry": "center"
      },
      "geometry": {
        "type": "Point",
        "coordinates": [
          18.4525162,
          43.8649646
        ]
      },
      "id": "way/641837242"
    },
    {
      "type": "Feature",
      "properties": {
        "@id": "way/652449770",
        "addr:city": "Sarajevo",
        "addr:housenumber": "169A",
        "addr:postcode": "71000",
        "addr:street": "Džemala Bijedića",
        "amenity": "restaurant",
        "building": "yes",
        "building:levels": "5",
        "cuisine": "burger;pizza;coffee_shop;chicken;sandwich;italian;seafood;ice_cream;cake;chocolate;dessert;salad;pasta",
        "diet:halal": "yes",
        "diet:vegan": "yes",
        "diet:vegetarian": "yes",
        "name": "Igman Rooftop Bistro",
        "opening_hours": "Mo-Sa 10:00 - 23:00",
        "phone": "+38733483900",
        "website": "https://all.accor.com/hotel/B3G8/index.en.shtml",
        "@geometry": "center"
      },
      "geometry": {
        "type": "Point",
        "coordinates": [
          18.3494198,
          43.8483865
        ]
      },
      "id": "way/652449770"
    },
    {
      "type": "Feature",
      "properties": {
        "@id": "way/669496772",
        "addr:city": "Dovlići",
        "addr:housenumber": "1",
        "addr:street": "Brus",
        "amenity": "restaurant",
        "building": "yes",
        "name": "Brus",
        "name:sr": "Брус",
        "name:sr-Latn": "Brus",
        "website": "https://www.restoran-brus.com/",
        "@geometry": "center"
      },
      "geometry": {
        "type": "Point",
        "coordinates": [
          18.4660676,
          43.8338521
        ]
      },
      "id": "way/669496772"
    },
    {
      "type": "Feature",
      "properties": {
        "@id": "way/669496773",
        "addr:city": "Dovlići",
        "addr:housenumber": "2",
        "addr:street": "Brus",
        "amenity": "restaurant",
        "building": "yes",
        "name": "Dvorište",
        "name:sr": "Двориште",
        "name:sr-Latn": "Dvorište",
        "@geometry": "center"
      },
      "geometry": {
        "type": "Point",
        "coordinates": [
          18.4664739,
          43.833754
        ]
      },
      "id": "way/669496773"
    },
    {
      "type": "Feature",
      "properties": {
        "@id": "node/674049031",
        "addr:city": "Sarajevo",
        "addr:housenumber": "5",
        "addr:postcode": "71000",
        "addr:street": "Zmaja od Bosne",
        "amenity": "pub",
        "check_date": "2026-04-03",
        "contact:instagram": "https://www.instagram.com/cafe.tito.sarajevo",
        "contact:phone": "+387 61208881",
        "indoor_seating": "yes",
        "internet_access": "wlan",
        "internet_access:fee": "no",
        "name": "Tito",
        "outdoor_seating": "yes",
        "outdoor_seating:comfort": "chair",
        "smoking": "outside",
        "toilets": "yes",
        "website": "https://www.facebook.com/Cafe-Tito-585651114906618",
        "wheelchair": "yes"
      },
      "geometry": {
        "type": "Point",
        "coordinates": [
          18.400834,
          43.8547448
        ]
      },
      "id": "node/674049031"
    },
    {
      "type": "Feature",
      "properties": {
        "@id": "way/678099385",
        "amenity": "cafe",
        "building": "yes",
        "@geometry": "center"
      },
      "geometry": {
        "type": "Point",
        "coordinates": [
          18.3107394,
          43.7995878
        ]
      },
      "id": "way/678099385"
    },
    {
      "type": "Feature",
      "properties": {
        "@id": "way/678683321",
        "addr:street": "Patriotske lige",
        "amenity": "restaurant",
        "building": "yes",
        "cuisine": "pizza",
        "name": "Dundee",
        "@geometry": "center"
      },
      "geometry": {
        "type": "Point",
        "coordinates": [
          18.4118679,
          43.8729841
        ]
      },
      "id": "way/678683321"
    },
    {
      "type": "Feature",
      "properties": {
        "@id": "way/681271943",
        "addr:street": "Magistrala",
        "amenity": "restaurant",
        "building": "yes",
        "name": "Restaurant Vrelo Bosne",
        "@geometry": "center"
      },
      "geometry": {
        "type": "Point",
        "coordinates": [
          18.2692725,
          43.8321868
        ]
      },
      "id": "way/681271943"
    },
    {
      "type": "Feature",
      "properties": {
        "@id": "node/683083613",
        "amenity": "restaurant",
        "cuisine": "bosnian",
        "name": "Brajlović"
      },
      "geometry": {
        "type": "Point",
        "coordinates": [
          18.3038538,
          43.8300085
        ]
      },
      "id": "node/683083613"
    },
    {
      "type": "Feature",
      "properties": {
        "@id": "node/699104717",
        "amenity": "restaurant",
        "name": "Velika Bašta"
      },
      "geometry": {
        "type": "Point",
        "coordinates": [
          18.3771579,
          43.8547282
        ]
      },
      "id": "node/699104717"
    },
    {
      "type": "Feature",
      "properties": {
        "@id": "node/703697022",
        "addr:housenumber": "21",
        "addr:street": "Poddžebhana",
        "amenity": "restaurant",
        "name": "Bijela tabija",
        "name:hr": "Restoran Bijela Tabija",
        "name:sr": "Бијела Табија",
        "opening_hours": "Mo-Su 10:00-23:00"
      },
      "geometry": {
        "type": "Point",
        "coordinates": [
          18.4453703,
          43.8609049
        ]
      },
      "id": "node/703697022"
    },
    {
      "type": "Feature",
      "properties": {
        "@id": "way/751304432",
        "amenity": "restaurant",
        "building": "yes",
        "name": "Restoran Vidikovac",
        "name:sr": "Ресторан Видиковац",
        "name:sr-Latn": "Restoran Vidikovac",
        "website": "https://www.restoran-brus.com/",
        "@geometry": "center"
      },
      "geometry": {
        "type": "Point",
        "coordinates": [
          18.4697416,
          43.8339796
        ]
      },
      "id": "way/751304432"
    },
    {
      "type": "Feature",
      "properties": {
        "@id": "way/755331127",
        "amenity": "pub",
        "building": "yes",
        "@geometry": "center"
      },
      "geometry": {
        "type": "Point",
        "coordinates": [
          18.3818805,
          43.8020701
        ]
      },
      "id": "way/755331127"
    },
    {
      "type": "Feature",
      "properties": {
        "@id": "way/755894217",
        "addr:city": "Istočno Sarajevo",
        "addr:housenumber": "42",
        "addr:place": "Lukavica; Klek",
        "addr:postcode": "71123",
        "amenity": "restaurant",
        "building": "yes",
        "name": "Sunčani gaj",
        "name:sr": "Сунчани гај",
        "name:sr-Latn": "Sunčani gaj",
        "phone": "+387 57 483-410",
        "@geometry": "center"
      },
      "geometry": {
        "type": "Point",
        "coordinates": [
          18.4173602,
          43.7885137
        ]
      },
      "id": "way/755894217"
    },
    {
      "type": "Feature",
      "properties": {
        "@id": "way/756194717",
        "addr:housenumber": "250",
        "addr:street": "Vuka Karadžića",
        "amenity": "restaurant",
        "cuisine": "balkan",
        "landuse": "retail",
        "name": "Restoran Toplik",
        "name:en": "Restoraunt Toplik",
        "name:sr": "Ресторан Топлик",
        "name:sr-Latn": "Restoran Toplik",
        "phone": "+387 57 321-455",
        "website": "https://ribnjaktoplik.ba/",
        "@geometry": "center"
      },
      "geometry": {
        "type": "Point",
        "coordinates": [
          18.3888345,
          43.8110372
        ]
      },
      "id": "way/756194717"
    },
    {
      "type": "Feature",
      "properties": {
        "@id": "way/756219599",
        "amenity": "restaurant",
        "building": "yes",
        "name": "Restoran Mali raj",
        "name:sr": "Ресторан Мали рај",
        "@geometry": "center"
      },
      "geometry": {
        "type": "Point",
        "coordinates": [
          18.5415768,
          43.8517001
        ]
      },
      "id": "way/756219599"
    },
    {
      "type": "Feature",
      "properties": {
        "@id": "node/760304310",
        "amenity": "fast_food",
        "name": "Panera"
      },
      "geometry": {
        "type": "Point",
        "coordinates": [
          18.3090931,
          43.8158539
        ]
      },
      "id": "node/760304310"
    },
    {
      "type": "Feature",
      "properties": {
        "@id": "node/760304312",
        "amenity": "fast_food"
      },
      "geometry": {
        "type": "Point",
        "coordinates": [
          18.3101249,
          43.8168889
        ]
      },
      "id": "node/760304312"
    },
    {
      "type": "Feature",
      "properties": {
        "@id": "way/793104958",
        "amenity": "cafe",
        "building": "yes",
        "@geometry": "center"
      },
      "geometry": {
        "type": "Point",
        "coordinates": [
          18.307563,
          43.8212772
        ]
      },
      "id": "way/793104958"
    },
    {
      "type": "Feature",
      "properties": {
        "@id": "node/799005369",
        "amenity": "pub",
        "name": "Bla Bla"
      },
      "geometry": {
        "type": "Point",
        "coordinates": [
          18.3005302,
          43.8293496
        ]
      },
      "id": "node/799005369"
    },
    {
      "type": "Feature",
      "properties": {
        "@id": "node/816888614",
        "amenity": "restaurant",
        "name": "Picolo Angolo"
      },
      "geometry": {
        "type": "Point",
        "coordinates": [
          18.3815319,
          43.8546142
        ]
      },
      "id": "node/816888614"
    },
    {
      "type": "Feature",
      "properties": {
        "@id": "node/817105779",
        "addr:housenumber": "11",
        "addr:street": "Envera Šehovića",
        "amenity": "fast_food",
        "cuisine": "Pite",
        "delivery": "no",
        "drive_through": "no",
        "name": "Nagib",
        "outdoor_seating": "yes",
        "smoking": "no",
        "takeaway": "yes"
      },
      "geometry": {
        "type": "Point",
        "coordinates": [
          18.3818519,
          43.8531736
        ]
      },
      "id": "node/817105779"
    },
    {
      "type": "Feature",
      "properties": {
        "@id": "way/822540290",
        "addr:city": "Istočno Sarajevo",
        "addr:housenumber": "bb",
        "addr:municipality": "Istočna Ilidža",
        "addr:postcode": "71123",
        "addr:street": "Vojvode Radomira Putnika",
        "admin_level": "4",
        "amenity": "public_building",
        "building": "government",
        "building:levels": "5",
        "check_date": "2026-03-09",
        "country": "BA",
        "description": "Sjedište ministarstava i institucija Republike Srpske u Istočnom Sarajevu. Objekat uključuje i apartmanski dio za smještaj funkcionera.",
        "facade:colour": "blue;grey",
        "government": "regional",
        "material": "glass;concrete",
        "name": "Administrativni centar Vlade Republike Srpske",
        "name:en": "Administrative Center of the Government of Republika Srpska",
        "name:sr": "Административни центар Владе Републике Српске",
        "name:sr-Latn": "Administrativni centar Vlade Republike Srpske",
        "office": "government",
        "opening_hours": "Mo-Fr 08:00-16:00",
        "operator": "Služba za zajedničke poslove Vlade RS",
        "phone": "+387 57 320-820",
        "security": "high",
        "short_name": "Vlada RS (Istočno Sarajevo)",
        "source": "official_data;survey",
        "start_date": "2017",
        "website": "https://www.vladars.net/",
        "wheelchair": "yes",
        "wheelchair:description": "Glavni ulaz je prilagođen osobama u kolicima, postoji lift.",
        "wikidata": "Q31186165",
        "wikipedia": "sr:Административни центар Владе Републике Српске (Источно Сарајево)",
        "@geometry": "center"
      },
      "geometry": {
        "type": "Point",
        "coordinates": [
          18.3560055,
          43.817038
        ]
      },
      "id": "way/822540290"
    },
    {
      "type": "Feature",
      "properties": {
        "@id": "way/832920682",
        "amenity": "restaurant",
        "building": "yes",
        "name": "DFAC",
        "@geometry": "center"
      },
      "geometry": {
        "type": "Point",
        "coordinates": [
          18.3411563,
          43.8137194
        ]
      },
      "id": "way/832920682"
    },
    {
      "type": "Feature",
      "properties": {
        "@id": "way/849700320",
        "amenity": "restaurant",
        "building": "yes",
        "cuisine": "bosnian;fast_food;burger",
        "diet:meat": "yes",
        "name": "Ćevabdžinica Brajlović br. 2",
        "@geometry": "center"
      },
      "geometry": {
        "type": "Point",
        "coordinates": [
          18.3172103,
          43.8379638
        ]
      },
      "id": "way/849700320"
    },
    {
      "type": "Feature",
      "properties": {
        "@id": "way/867258662",
        "addr:city": "Sarajevo",
        "addr:housenumber": "1",
        "addr:postcode": "71210",
        "addr:street": "Doglodi",
        "amenity": "bar",
        "brewery": "various",
        "building": "bar",
        "min_age": "18",
        "name": "Gama",
        "opening_hours": "Mo-Su 08:00-23:00",
        "@geometry": "center"
      },
      "geometry": {
        "type": "Point",
        "coordinates": [
          18.3028462,
          43.8513603
        ]
      },
      "id": "way/867258662"
    },
    {
      "type": "Feature",
      "properties": {
        "@id": "node/938872352",
        "amenity": "cafe",
        "name": "Coccinelle"
      },
      "geometry": {
        "type": "Point",
        "coordinates": [
          18.4024088,
          43.8585111
        ]
      },
      "id": "node/938872352"
    },
    {
      "type": "Feature",
      "properties": {
        "@id": "node/938872353",
        "amenity": "restaurant",
        "check_date": "2026-05-03",
        "name": "Boss"
      },
      "geometry": {
        "type": "Point",
        "coordinates": [
          18.4035652,
          43.8577113
        ]
      },
      "id": "node/938872353"
    },
    {
      "type": "Feature",
      "properties": {
        "@id": "node/938872354",
        "addr:postcode": "71000",
        "addr:street": "Kranjčevićeva",
        "amenity": "bar",
        "check_date": "2026-05-03",
        "internet_access": "wlan",
        "name": "Babaloo",
        "opening_hours": "24/7"
      },
      "geometry": {
        "type": "Point",
        "coordinates": [
          18.4042418,
          43.85789
        ]
      },
      "id": "node/938872354"
    },
    {
      "type": "Feature",
      "properties": {
        "@id": "node/979298427",
        "amenity": "restaurant",
        "name": "Mala Bašta"
      },
      "geometry": {
        "type": "Point",
        "coordinates": [
          18.3766368,
          43.854329
        ]
      },
      "id": "node/979298427"
    },
    {
      "type": "Feature",
      "properties": {
        "@id": "node/1001203591",
        "amenity": "pub"
      },
      "geometry": {
        "type": "Point",
        "coordinates": [
          18.30669,
          43.8300949
        ]
      },
      "id": "node/1001203591"
    },
    {
      "type": "Feature",
      "properties": {
        "@id": "node/1001203593",
        "addr:city": "Ilidža",
        "addr:street": "Mala aleja",
        "amenity": "bar",
        "name": "Yu Caffe"
      },
      "geometry": {
        "type": "Point",
        "coordinates": [
          18.3068176,
          43.8299885
        ]
      },
      "id": "node/1001203593"
    },
    {
      "type": "Feature",
      "properties": {
        "@id": "node/1001203596",
        "amenity": "cafe"
      },
      "geometry": {
        "type": "Point",
        "coordinates": [
          18.306948,
          43.8298414
        ]
      },
      "id": "node/1001203596"
    },
    {
      "type": "Feature",
      "properties": {
        "@id": "way/1031614343",
        "amenity": "restaurant",
        "building": "yes",
        "cuisine": "sushi",
        "name": "scc",
        "@geometry": "center"
      },
      "geometry": {
        "type": "Point",
        "coordinates": [
          18.4078824,
          43.8548086
        ]
      },
      "id": "way/1031614343"
    },
    {
      "type": "Feature",
      "properties": {
        "@id": "way/1060042858",
        "amenity": "cafe",
        "building": "yes",
        "name": "Kota 777",
        "@geometry": "center"
      },
      "geometry": {
        "type": "Point",
        "coordinates": [
          18.4433457,
          43.8660276
        ]
      },
      "id": "way/1060042858"
    },
    {
      "type": "Feature",
      "properties": {
        "@id": "node/1067788380",
        "addr:housenumber": "20",
        "addr:street": "Ante Babića",
        "amenity": "fast_food",
        "check_date": "2026-02-25",
        "delivery": "yes",
        "name": "Ćevabdžinica Venera",
        "opening_hours": "Mo-Sa 06:30-22:00; Su off",
        "takeaway": "yes",
        "website": "https://venerafood.ba/",
        "wheelchair": "no"
      },
      "geometry": {
        "type": "Point",
        "coordinates": [
          18.3413908,
          43.8440109
        ]
      },
      "id": "node/1067788380"
    },
    {
      "type": "Feature",
      "properties": {
        "@id": "node/1096655301",
        "amenity": "restaurant",
        "name": "Đulbašča",
        "name:sr": "Ђулбашића"
      },
      "geometry": {
        "type": "Point",
        "coordinates": [
          18.4461455,
          43.87313
        ]
      },
      "id": "node/1096655301"
    },
    {
      "type": "Feature",
      "properties": {
        "@id": "node/1112466076",
        "addr:housenumber": "bb",
        "addr:street": "Hadžiristića",
        "amenity": "pub",
        "name": "City Pub",
        "wheelchair": "limited"
      },
      "geometry": {
        "type": "Point",
        "coordinates": [
          18.4272641,
          43.8581227
        ]
      },
      "id": "node/1112466076"
    },
    {
      "type": "Feature",
      "properties": {
        "@id": "way/1122585241",
        "addr:city": "Sarajevo",
        "addr:housenumber": "160",
        "addr:postcode": "71000",
        "addr:street": "Džemala Bijedića",
        "alt_name": "Kentucky Fried Chicken",
        "amenity": "fast_food",
        "brand": "KFC",
        "brand:wikidata": "Q524757",
        "building": "yes",
        "cuisine": "chicken",
        "drive_through": "yes",
        "name": "KFC",
        "opening_hours": "Mo-Su 09:00-23:00",
        "takeaway": "yes",
        "website": "https://kfc.co.ba/",
        "@geometry": "center"
      },
      "geometry": {
        "type": "Point",
        "coordinates": [
          18.3523281,
          43.8497127
        ]
      },
      "id": "way/1122585241"
    },
    {
      "type": "Feature",
      "properties": {
        "@id": "way/1159500802",
        "amenity": "restaurant",
        "building": "yes",
        "@geometry": "center"
      },
      "geometry": {
        "type": "Point",
        "coordinates": [
          18.4377212,
          43.8614946
        ]
      },
      "id": "way/1159500802"
    },
    {
      "type": "Feature",
      "properties": {
        "@id": "way/1175949527",
        "amenity": "cafe",
        "building": "yes",
        "@geometry": "center"
      },
      "geometry": {
        "type": "Point",
        "coordinates": [
          18.3354189,
          43.8395225
        ]
      },
      "id": "way/1175949527"
    },
    {
      "type": "Feature",
      "properties": {
        "@id": "way/1179681217",
        "amenity": "cafe",
        "building": "yes",
        "@geometry": "center"
      },
      "geometry": {
        "type": "Point",
        "coordinates": [
          18.3352658,
          43.8480086
        ]
      },
      "id": "way/1179681217"
    },
    {
      "type": "Feature",
      "properties": {
        "@id": "node/1180308982",
        "amenity": "restaurant",
        "check_date": "2023-03-25",
        "cuisine": "international",
        "level": "0",
        "name": "Vidikovac",
        "name:sr": "Vidikovac",
        "outdoor_seating": "yes",
        "payment:cards": "no",
        "payment:credit_cards": "no",
        "payment:debit_cards": "no"
      },
      "geometry": {
        "type": "Point",
        "coordinates": [
          18.4420625,
          43.8665883
        ]
      },
      "id": "node/1180308982"
    },
    {
      "type": "Feature",
      "properties": {
        "@id": "node/1180313812",
        "amenity": "restaurant"
      },
      "geometry": {
        "type": "Point",
        "coordinates": [
          18.4446074,
          43.8893333
        ]
      },
      "id": "node/1180313812"
    },
    {
      "type": "Feature",
      "properties": {
        "@id": "node/1180852109",
        "amenity": "fast_food",
        "name": "Fenix"
      },
      "geometry": {
        "type": "Point",
        "coordinates": [
          18.370965,
          43.8448421
        ]
      },
      "id": "node/1180852109"
    },
    {
      "type": "Feature",
      "properties": {
        "@id": "way/1186979422",
        "amenity": "fast_food",
        "building": "yes",
        "cuisine": "kebab",
        "name": "Doner Stanica",
        "@geometry": "center"
      },
      "geometry": {
        "type": "Point",
        "coordinates": [
          18.4131973,
          43.8653836
        ]
      },
      "id": "way/1186979422"
    },
    {
      "type": "Feature",
      "properties": {
        "@id": "way/1187498420",
        "amenity": "cafe",
        "building": "yes",
        "@geometry": "center"
      },
      "geometry": {
        "type": "Point",
        "coordinates": [
          18.3685458,
          43.8497647
        ]
      },
      "id": "way/1187498420"
    },
    {
      "type": "Feature",
      "properties": {
        "@id": "way/1187500480",
        "amenity": "fast_food",
        "building": "yes",
        "cuisine": "burger",
        "name": "Mama's",
        "@geometry": "center"
      },
      "geometry": {
        "type": "Point",
        "coordinates": [
          18.3789765,
          43.8523687
        ]
      },
      "id": "way/1187500480"
    },
    {
      "type": "Feature",
      "properties": {
        "@id": "node/1232188443",
        "addr:city": "Sarajevo",
        "addr:housenumber": "12",
        "addr:postcode": "71000",
        "addr:street": "Mustafe Kamerića",
        "amenity": "restaurant",
        "cuisine": "pizza",
        "delivery": "no",
        "name": "Pizzeria Sendi",
        "opening_hours": "08:00-23:00",
        "smoking": "yes"
      },
      "geometry": {
        "type": "Point",
        "coordinates": [
          18.3472557,
          43.828373
        ]
      },
      "id": "node/1232188443"
    },
    {
      "type": "Feature",
      "properties": {
        "@id": "node/1232338358",
        "amenity": "restaurant",
        "cuisine": "pizza",
        "name": "Zlatne strune"
      },
      "geometry": {
        "type": "Point",
        "coordinates": [
          18.3512091,
          43.8300024
        ]
      },
      "id": "node/1232338358"
    },
    {
      "type": "Feature",
      "properties": {
        "@id": "node/1232349525",
        "addr:housenumber": "bb",
        "addr:street": "Bulevar branilaca Dobrinje",
        "amenity": "restaurant",
        "contact:phone": "+387 33 222225",
        "cuisine": "regional",
        "delivery": "no",
        "name": "Ćevabdžinica Mrkva",
        "opening_hours": "Mo-Su 07:30-23:00",
        "website": "https://www.mrkva.ba/"
      },
      "geometry": {
        "type": "Point",
        "coordinates": [
          18.3490794,
          43.8282415
        ]
      },
      "id": "node/1232349525"
    },
    {
      "type": "Feature",
      "properties": {
        "@id": "node/1234334175",
        "addr:city": "Sarajevo",
        "addr:housenumber": "bb",
        "addr:postcode": "71000",
        "addr:street": "Bulevar Branilaca Dobrinje",
        "amenity": "cafe",
        "contact:phone": "+387 061 323 893",
        "cuisine": "ice_cream;coffee;cake",
        "diet:halal": "yes",
        "email": "coffeestationdoo@gmail.com",
        "internet_access": "yes",
        "internet_access:fee": "customers",
        "name": "Coffee Station",
        "opening_hours": "Mo-Su 07:00-23:00",
        "outdoor_seating": "yes"
      },
      "geometry": {
        "type": "Point",
        "coordinates": [
          18.3458721,
          43.8287705
        ]
      },
      "id": "node/1234334175"
    },
    {
      "type": "Feature",
      "properties": {
        "@id": "node/1234438782",
        "addr:city": "Sarajevo",
        "addr:housenumber": "9",
        "addr:postcode": "71000",
        "addr:street": "Trg djece Dobrinje",
        "alt_name": "Kup",
        "amenity": "cafe",
        "cuisine": "coffee_shop",
        "internet_access": "yes",
        "name": "Caffé slastičarna Kup",
        "opening_hours": "08:00-23:00",
        "phone": "+387 33 466458",
        "smoking": "yes",
        "website": "https://kup.blogger.ba/"
      },
      "geometry": {
        "type": "Point",
        "coordinates": [
          18.3530992,
          43.8295798
        ]
      },
      "id": "node/1234438782"
    },
    {
      "type": "Feature",
      "properties": {
        "@id": "node/1234444299",
        "amenity": "cafe"
      },
      "geometry": {
        "type": "Point",
        "coordinates": [
          18.3537788,
          43.8296613
        ]
      },
      "id": "node/1234444299"
    },
    {
      "type": "Feature",
      "properties": {
        "@id": "node/1234444315",
        "amenity": "cafe"
      },
      "geometry": {
        "type": "Point",
        "coordinates": [
          18.3537735,
          43.8294833
        ]
      },
      "id": "node/1234444315"
    },
    {
      "type": "Feature",
      "properties": {
        "@id": "node/1258663386",
        "amenity": "bar",
        "name": "Tropicana"
      },
      "geometry": {
        "type": "Point",
        "coordinates": [
          18.3074951,
          43.8295191
        ]
      },
      "id": "node/1258663386"
    },
    {
      "type": "Feature",
      "properties": {
        "@id": "node/1262524999",
        "addr:housenumber": "16",
        "addr:street": "Rustem-pašina",
        "amenity": "restaurant",
        "name": "Karadeniz"
      },
      "geometry": {
        "type": "Point",
        "coordinates": [
          18.3099818,
          43.8331647
        ]
      },
      "id": "node/1262524999"
    },
    {
      "type": "Feature",
      "properties": {
        "@id": "node/1275888694",
        "amenity": "restaurant"
      },
      "geometry": {
        "type": "Point",
        "coordinates": [
          18.3982318,
          43.8804487
        ]
      },
      "id": "node/1275888694"
    },
    {
      "type": "Feature",
      "properties": {
        "@id": "node/1275888695",
        "amenity": "cafe"
      },
      "geometry": {
        "type": "Point",
        "coordinates": [
          18.3985269,
          43.8799692
        ]
      },
      "id": "node/1275888695"
    },
    {
      "type": "Feature",
      "properties": {
        "@id": "node/1275888702",
        "amenity": "fast_food"
      },
      "geometry": {
        "type": "Point",
        "coordinates": [
          18.3988812,
          43.880433
        ]
      },
      "id": "node/1275888702"
    },
    {
      "type": "Feature",
      "properties": {
        "@id": "way/1280702578",
        "amenity": "restaurant",
        "building": "yes",
        "name": "Veranda by Morisco",
        "@geometry": "center"
      },
      "geometry": {
        "type": "Point",
        "coordinates": [
          18.3225951,
          43.8397226
        ]
      },
      "id": "way/1280702578"
    },
    {
      "type": "Feature",
      "properties": {
        "@id": "node/1293295155",
        "amenity": "fast_food",
        "cuisine": "regional",
        "name": "Čevabdžinica Ilidžanka"
      },
      "geometry": {
        "type": "Point",
        "coordinates": [
          18.3080402,
          43.8308396
        ]
      },
      "id": "node/1293295155"
    },
    {
      "type": "Feature",
      "properties": {
        "@id": "node/1305811322",
        "addr:housenumber": "26",
        "addr:postcode": "71000",
        "addr:street": "Braće Begić",
        "amenity": "cafe",
        "cuisine": "coffee_shop",
        "int_name": "Caffe & Cake Shop Kafanica",
        "internet_access": "wlan",
        "internet_access:fee": "no",
        "name": "Kafanica",
        "website": "http://www.facebook.com/mojaKafanica"
      },
      "geometry": {
        "type": "Point",
        "coordinates": [
          18.4059183,
          43.8689867
        ]
      },
      "id": "node/1305811322"
    },
    {
      "type": "Feature",
      "properties": {
        "@id": "node/1307576631",
        "amenity": "restaurant",
        "name": "Neretva"
      },
      "geometry": {
        "type": "Point",
        "coordinates": [
          18.3376027,
          43.8309529
        ]
      },
      "id": "node/1307576631"
    },
    {
      "type": "Feature",
      "properties": {
        "@id": "node/1307576634",
        "amenity": "cafe",
        "cuisine": "dessert;coffee_shop",
        "name": "Dezert"
      },
      "geometry": {
        "type": "Point",
        "coordinates": [
          18.340349,
          43.8286667
        ]
      },
      "id": "node/1307576634"
    },
    {
      "type": "Feature",
      "properties": {
        "@id": "node/1307576635",
        "amenity": "pub",
        "name": "Orhideen",
        "opening_hours": "Mo-Su 07:00-23:00"
      },
      "geometry": {
        "type": "Point",
        "coordinates": [
          18.3373361,
          43.8300996
        ]
      },
      "id": "node/1307576635"
    },
    {
      "type": "Feature",
      "properties": {
        "@id": "way/1310854012",
        "addr:city": "Ilidža",
        "addr:housenumber": "3",
        "addr:postcode": "71210",
        "addr:street": "Velika aleja",
        "amenity": "restaurant",
        "building": "yes",
        "name": "Pizzeria Ildžis",
        "@geometry": "center"
      },
      "geometry": {
        "type": "Point",
        "coordinates": [
          18.3045368,
          43.8245816
        ]
      },
      "id": "way/1310854012"
    },
    {
      "type": "Feature",
      "properties": {
        "@id": "node/1313654693",
        "addr:city": "Sarajevo",
        "addr:postcode": "71000",
        "addr:street": "Jukićeva",
        "amenity": "fast_food",
        "cuisine": "turkish",
        "name": "Buregdžinica Taak Koševsko Brdo"
      },
      "geometry": {
        "type": "Point",
        "coordinates": [
          18.4066809,
          43.8701858
        ]
      },
      "id": "node/1313654693"
    },
    {
      "type": "Feature",
      "properties": {
        "@id": "node/1313668803",
        "addr:housenumber": "30",
        "addr:postcode": "71000",
        "addr:street": "Patriotske lige",
        "amenity": "cafe",
        "int_name": "Caffe SO.BA",
        "internet_access": "wlan",
        "name": "SO.BA"
      },
      "geometry": {
        "type": "Point",
        "coordinates": [
          18.4129938,
          43.8679342
        ]
      },
      "id": "node/1313668803"
    },
    {
      "type": "Feature",
      "properties": {
        "@id": "node/1314030921",
        "amenity": "cafe",
        "name": "Caffe London"
      },
      "geometry": {
        "type": "Point",
        "coordinates": [
          18.4093962,
          43.8652336
        ]
      },
      "id": "node/1314030921"
    },
    {
      "type": "Feature",
      "properties": {
        "@id": "node/1314030923",
        "amenity": "cafe",
        "int_name": "Caffe Paris",
        "name": "Caffe Paris"
      },
      "geometry": {
        "type": "Point",
        "coordinates": [
          18.4093361,
          43.8649969
        ]
      },
      "id": "node/1314030923"
    },
    {
      "type": "Feature",
      "properties": {
        "@id": "node/1314030925",
        "amenity": "fast_food"
      },
      "geometry": {
        "type": "Point",
        "coordinates": [
          18.4094071,
          43.8654806
        ]
      },
      "id": "node/1314030925"
    },
    {
      "type": "Feature",
      "properties": {
        "@id": "node/1314034351",
        "addr:street": "Husrefa Redžića",
        "amenity": "fast_food",
        "cuisine": "regional",
        "int_name": "Restaurant Dom za vješanje",
        "name": "Restoran Dom za vješanje"
      },
      "geometry": {
        "type": "Point",
        "coordinates": [
          18.4084126,
          43.865227
        ]
      },
      "id": "node/1314034351"
    },
    {
      "type": "Feature",
      "properties": {
        "@id": "node/1363739558",
        "addr:housenumber": "28",
        "addr:postcode": "71000",
        "addr:street": "Olovska",
        "amenity": "restaurant",
        "cuisine": "pizza",
        "name": "Ragazzi",
        "source": "Local knowledge"
      },
      "geometry": {
        "type": "Point",
        "coordinates": [
          18.3797576,
          43.8462805
        ]
      },
      "id": "node/1363739558"
    },
    {
      "type": "Feature",
      "properties": {
        "@id": "node/1374933816",
        "amenity": "cafe",
        "cuisine": "cake",
        "name": "Stella"
      },
      "geometry": {
        "type": "Point",
        "coordinates": [
          18.3925676,
          43.8549379
        ]
      },
      "id": "node/1374933816"
    },
    {
      "type": "Feature",
      "properties": {
        "@id": "node/1398981492",
        "amenity": "restaurant"
      },
      "geometry": {
        "type": "Point",
        "coordinates": [
          18.4119853,
          43.9078575
        ]
      },
      "id": "node/1398981492"
    },
    {
      "type": "Feature",
      "properties": {
        "@id": "node/1403261680",
        "addr:postcode": "71000",
        "addr:street": "Bentbaša",
        "amenity": "restaurant",
        "contact:email": "restauranbazeni@gmail.com",
        "contact:phone": "+387 33 232290",
        "cuisine": "regional",
        "name": "Restoran \"BAZENI\"",
        "opening_hours": "Mo-Su 08:00-00:00",
        "website": "http://restoranbazeni.sajt.ba"
      },
      "geometry": {
        "type": "Point",
        "coordinates": [
          18.4372702,
          43.8602318
        ]
      },
      "id": "node/1403261680"
    },
    {
      "type": "Feature",
      "properties": {
        "@id": "node/1415371399",
        "amenity": "cafe",
        "name": "Vitraz",
        "wheelchair": "limited"
      },
      "geometry": {
        "type": "Point",
        "coordinates": [
          18.3447189,
          43.9009838
        ]
      },
      "id": "node/1415371399"
    },
    {
      "type": "Feature",
      "properties": {
        "@id": "node/1415371403",
        "amenity": "cafe",
        "name": "Azra",
        "wheelchair": "limited"
      },
      "geometry": {
        "type": "Point",
        "coordinates": [
          18.3445932,
          43.901009
        ]
      },
      "id": "node/1415371403"
    },
    {
      "type": "Feature",
      "properties": {
        "@id": "node/1427483920",
        "addr:housenumber": "41",
        "addr:postcode": "71320",
        "addr:street": "Igmanska",
        "amenity": "cafe",
        "internet_access": "wlan",
        "name": "Caffe Park",
        "website": "http://www.caffepark.com.ba",
        "wheelchair": "yes"
      },
      "geometry": {
        "type": "Point",
        "coordinates": [
          18.3420123,
          43.901708
        ]
      },
      "id": "node/1427483920"
    },
    {
      "type": "Feature",
      "properties": {
        "@id": "node/1474198038",
        "amenity": "restaurant",
        "name": "Kod Pucana"
      },
      "geometry": {
        "type": "Point",
        "coordinates": [
          18.4705507,
          43.8812613
        ]
      },
      "id": "node/1474198038"
    },
    {
      "type": "Feature",
      "properties": {
        "@id": "node/1478907401",
        "amenity": "bar",
        "name": "People’s",
        "wifi": "no"
      },
      "geometry": {
        "type": "Point",
        "coordinates": [
          18.4046022,
          43.8586651
        ]
      },
      "id": "node/1478907401"
    },
    {
      "type": "Feature",
      "properties": {
        "@id": "node/1489203245",
        "amenity": "bar",
        "name": "Oscar"
      },
      "geometry": {
        "type": "Point",
        "coordinates": [
          18.4096473,
          43.8660317
        ]
      },
      "id": "node/1489203245"
    },
    {
      "type": "Feature",
      "properties": {
        "@id": "node/1502091202",
        "amenity": "cafe",
        "name": "Luxor",
        "name:sr": "Луксор",
        "name:sr-Latn": "Luxor"
      },
      "geometry": {
        "type": "Point",
        "coordinates": [
          18.3641758,
          43.8196677
        ]
      },
      "id": "node/1502091202"
    },
    {
      "type": "Feature",
      "properties": {
        "@id": "node/1502091205",
        "amenity": "cafe",
        "name": "Sydney II",
        "name:sr": "Сиднеј 2",
        "name:sr-Latn": "Sidnej 2"
      },
      "geometry": {
        "type": "Point",
        "coordinates": [
          18.3622692,
          43.8195076
        ]
      },
      "id": "node/1502091205"
    },
    {
      "type": "Feature",
      "properties": {
        "@id": "node/1502091208",
        "amenity": "cafe",
        "cuisine": "italian",
        "name": "Ogi"
      },
      "geometry": {
        "type": "Point",
        "coordinates": [
          18.3552108,
          43.8227774
        ]
      },
      "id": "node/1502091208"
    },
    {
      "type": "Feature",
      "properties": {
        "@id": "node/1502091209",
        "amenity": "cafe",
        "name": "Resume",
        "name:sr": "Резиме",
        "name:sr-Latn": "Resume"
      },
      "geometry": {
        "type": "Point",
        "coordinates": [
          18.3632219,
          43.8205834
        ]
      },
      "id": "node/1502091209"
    },
    {
      "type": "Feature",
      "properties": {
        "@id": "node/1502091210",
        "amenity": "cafe",
        "name": "Piano",
        "name:sr": "Пиано",
        "name:sr-Latn": "Piano"
      },
      "geometry": {
        "type": "Point",
        "coordinates": [
          18.3638671,
          43.8192367
        ]
      },
      "id": "node/1502091210"
    },
    {
      "type": "Feature",
      "properties": {
        "@id": "node/1502708000",
        "amenity": "cafe",
        "name": "Kod Spomenka"
      },
      "geometry": {
        "type": "Point",
        "coordinates": [
          18.4603553,
          43.9077466
        ]
      },
      "id": "node/1502708000"
    },
    {
      "type": "Feature",
      "properties": {
        "@id": "node/1506250053",
        "addr:housenumber": "5",
        "addr:postcode": "71000",
        "addr:street": "Porodice Ribar",
        "amenity": "cafe",
        "contact:phone": "+387 33 714700",
        "internet_access": "wlan",
        "name": "Palma",
        "website": "https://www.palma.ba/",
        "wheelchair": "yes"
      },
      "geometry": {
        "type": "Point",
        "coordinates": [
          18.3856871,
          43.8490286
        ]
      },
      "id": "node/1506250053"
    },
    {
      "type": "Feature",
      "properties": {
        "@id": "node/1506274157",
        "addr:housenumber": "10",
        "addr:postcode": "71000",
        "addr:street": "Porodice Ribara",
        "amenity": "cafe",
        "name": "Valentino"
      },
      "geometry": {
        "type": "Point",
        "coordinates": [
          18.3852901,
          43.850166
        ]
      },
      "id": "node/1506274157"
    },
    {
      "type": "Feature",
      "properties": {
        "@id": "node/1521003082",
        "amenity": "fast_food",
        "name": "Manđarija",
        "name:sr": "Манђарија",
        "name:sr-Latn": "Manđarija"
      },
      "geometry": {
        "type": "Point",
        "coordinates": [
          18.3613067,
          43.81841
        ]
      },
      "id": "node/1521003082"
    },
    {
      "type": "Feature",
      "properties": {
        "@id": "way/1547059488",
        "amenity": "fast_food",
        "building": "yes",
        "@geometry": "center"
      },
      "geometry": {
        "type": "Point",
        "coordinates": [
          18.3402293,
          43.8427071
        ]
      },
      "id": "way/1547059488"
    },
    {
      "type": "Feature",
      "properties": {
        "@id": "node/1559124112",
        "addr:housenumber": "9",
        "addr:postcode": "71000",
        "addr:street": "Gornji Kromolj",
        "amenity": "restaurant",
        "cuisine": "regional",
        "name": "Hedona Vino Klub"
      },
      "geometry": {
        "type": "Point",
        "coordinates": [
          18.4042569,
          43.8959824
        ]
      },
      "id": "node/1559124112"
    },
    {
      "type": "Feature",
      "properties": {
        "@id": "node/1559127311",
        "addr:housenumber": "9",
        "addr:postcode": "71000",
        "addr:street": "Gornji Kromolj",
        "amenity": "restaurant",
        "cuisine": "international",
        "description": "Slow Food",
        "name": "Hedona",
        "source": "GPS"
      },
      "geometry": {
        "type": "Point",
        "coordinates": [
          18.4041802,
          43.8960396
        ]
      },
      "id": "node/1559127311"
    },
    {
      "type": "Feature",
      "properties": {
        "@id": "node/1559277423",
        "amenity": "cafe",
        "brand": "Segafredo",
        "brand:wikidata": "Q21282762",
        "brand:wikipedia": "it:Segafredo Zanetti",
        "cuisine": "coffee_shop",
        "name": "Segafredo",
        "takeaway": "yes"
      },
      "geometry": {
        "type": "Point",
        "coordinates": [
          18.3916407,
          43.849422
        ]
      },
      "id": "node/1559277423"
    },
    {
      "type": "Feature",
      "properties": {
        "@id": "node/1578076866",
        "amenity": "restaurant"
      },
      "geometry": {
        "type": "Point",
        "coordinates": [
          18.3785319,
          43.8496939
        ]
      },
      "id": "node/1578076866"
    },
    {
      "type": "Feature",
      "properties": {
        "@id": "node/1588429907",
        "amenity": "fast_food",
        "description": "cheap",
        "name": "B-king"
      },
      "geometry": {
        "type": "Point",
        "coordinates": [
          18.4420578,
          43.8625348
        ]
      },
      "id": "node/1588429907"
    },
    {
      "type": "Feature",
      "properties": {
        "@id": "node/1588429941",
        "addr:city": "Sarajevo",
        "addr:housenumber": "15",
        "addr:postcode": "71000",
        "addr:street": "Bravadžiluk",
        "alt_name": "Ćevabdžinica Mrkva Baščaršija",
        "amenity": "fast_food",
        "check_date": "2025-07-09",
        "cuisine": "regional",
        "internet_access": "wlan",
        "name": "Ćevabdžinica Mrkva",
        "opening_hours": "Mo-Su,PH 08:00-22:00",
        "payment:maestro": "yes",
        "payment:mastercard": "yes",
        "payment:visa": "yes",
        "phone": "+387 33 532519",
        "website": "https://www.mrkva.ba/",
        "wheelchair": "no"
      },
      "geometry": {
        "type": "Point",
        "coordinates": [
          18.4317573,
          43.8590352
        ]
      },
      "id": "node/1588429941"
    },
    {
      "type": "Feature",
      "properties": {
        "@id": "node/1600683408",
        "amenity": "restaurant",
        "cuisine": "regional",
        "name": "Park Prinčeva"
      },
      "geometry": {
        "type": "Point",
        "coordinates": [
          18.4362172,
          43.8537867
        ]
      },
      "id": "node/1600683408"
    },
    {
      "type": "Feature",
      "properties": {
        "@id": "node/1636632149",
        "addr:postcode": "71000",
        "addr:street": "Zaima Šarca",
        "amenity": "fast_food",
        "internet_access": "no",
        "name": "Grill Student",
        "opening_hours": "Mo-Sa 08:00-02:00; Su 10:00-02:00",
        "phone": "+38733214271"
      },
      "geometry": {
        "type": "Point",
        "coordinates": [
          18.4208367,
          43.8668928
        ]
      },
      "id": "node/1636632149"
    },
    {
      "type": "Feature",
      "properties": {
        "@id": "node/1662204011",
        "addr:housenumber": "34",
        "addr:postcode": "71000",
        "addr:street": "Envera Šehovića",
        "amenity": "fast_food",
        "cuisine": "burger",
        "name": "Ćevabdžinica Mladost"
      },
      "geometry": {
        "type": "Point",
        "coordinates": [
          18.3810415,
          43.8532696
        ]
      },
      "id": "node/1662204011"
    },
    {
      "type": "Feature",
      "properties": {
        "@id": "node/1666068636",
        "addr:housenumber": "13",
        "addr:postcode": "71000",
        "addr:street": "Trg Merhemića",
        "amenity": "bar",
        "internet_access": "wlan",
        "internet_access:fee": "no",
        "name": "Gogo",
        "source": "survey"
      },
      "geometry": {
        "type": "Point",
        "coordinates": [
          18.4096306,
          43.8662437
        ]
      },
      "id": "node/1666068636"
    },
    {
      "type": "Feature",
      "properties": {
        "@id": "node/1666071843",
        "addr:housenumber": "14",
        "addr:postcode": "71000",
        "addr:street": "Trg Merhemića",
        "alt_name": "Buri",
        "amenity": "restaurant",
        "cuisine": "italian",
        "int_name": "Pizzeria Fratelli",
        "name": "Fratelli"
      },
      "geometry": {
        "type": "Point",
        "coordinates": [
          18.4096307,
          43.8657572
        ]
      },
      "id": "node/1666071843"
    },
    {
      "type": "Feature",
      "properties": {
        "@id": "node/1676577091",
        "amenity": "bar",
        "name": "Caffe bar Borat"
      },
      "geometry": {
        "type": "Point",
        "coordinates": [
          18.341153,
          43.8400536
        ]
      },
      "id": "node/1676577091"
    },
    {
      "type": "Feature",
      "properties": {
        "@id": "node/1676577186",
        "amenity": "pub"
      },
      "geometry": {
        "type": "Point",
        "coordinates": [
          18.3381396,
          43.8411546
        ]
      },
      "id": "node/1676577186"
    },
    {
      "type": "Feature",
      "properties": {
        "@id": "node/1676577470",
        "amenity": "cafe",
        "name": "Caffe bar Fancy"
      },
      "geometry": {
        "type": "Point",
        "coordinates": [
          18.3413918,
          43.839931
        ]
      },
      "id": "node/1676577470"
    },
    {
      "type": "Feature",
      "properties": {
        "@id": "node/1676577836",
        "amenity": "cafe",
        "name": "Caffe bar New York"
      },
      "geometry": {
        "type": "Point",
        "coordinates": [
          18.3406121,
          43.841434
        ]
      },
      "id": "node/1676577836"
    },
    {
      "type": "Feature",
      "properties": {
        "@id": "node/1676577870",
        "amenity": "fast_food",
        "check_date": "2026-02-25",
        "name": "Grill Tale"
      },
      "geometry": {
        "type": "Point",
        "coordinates": [
          18.3405113,
          43.8445756
        ]
      },
      "id": "node/1676577870"
    },
    {
      "type": "Feature",
      "properties": {
        "@id": "node/1676805946",
        "addr:city": "Sarajevo",
        "addr:housenumber": "4",
        "addr:postcode": "71000",
        "addr:street": "Geteova",
        "amenity": "bar",
        "name": "Caffe bar Time out",
        "opening_hours": "Mo-Su 08:00-24:00"
      },
      "geometry": {
        "type": "Point",
        "coordinates": [
          18.3492782,
          43.8433602
        ]
      },
      "id": "node/1676805946"
    },
    {
      "type": "Feature",
      "properties": {
        "@id": "node/1682779056",
        "amenity": "bar",
        "name": "Raketa",
        "source": "local knowledge"
      },
      "geometry": {
        "type": "Point",
        "coordinates": [
          18.3829741,
          43.8558074
        ]
      },
      "id": "node/1682779056"
    },
    {
      "type": "Feature",
      "properties": {
        "@id": "node/1684372379",
        "amenity": "cafe",
        "name": "Cafe-bar Đea"
      },
      "geometry": {
        "type": "Point",
        "coordinates": [
          18.3525832,
          43.8431653
        ]
      },
      "id": "node/1684372379"
    },
    {
      "type": "Feature",
      "properties": {
        "@id": "node/1684379997",
        "addr:city": "Sarajevo",
        "addr:postcode": "71000",
        "addr:street": "Aleja Bosne Srebrene",
        "alt_name": "Šehidi",
        "amenity": "pub",
        "description": "Mjesto gdje se dobro pije i lijepo druži da nam život bude duži.;Radno mesto KUM-a",
        "internet_access": "wlan",
        "name": "La Liberta (ex. Klub žrtava turbofolka)",
        "old_name": "MAK Komerc",
        "phone": "+387 66 967 462",
        "source": "www-žrtveturbofolka.com"
      },
      "geometry": {
        "type": "Point",
        "coordinates": [
          18.3380434,
          43.8415182
        ]
      },
      "id": "node/1684379997"
    },
    {
      "type": "Feature",
      "properties": {
        "@id": "node/1684381721",
        "amenity": "fast_food",
        "check_date": "2026-02-25",
        "cuisine": "regional",
        "name": "Buregdžinica Index"
      },
      "geometry": {
        "type": "Point",
        "coordinates": [
          18.3417505,
          43.844187
        ]
      },
      "id": "node/1684381721"
    },
    {
      "type": "Feature",
      "properties": {
        "@id": "node/1684383458",
        "amenity": "cafe",
        "name": "Cafe-bar GOLD"
      },
      "geometry": {
        "type": "Point",
        "coordinates": [
          18.3426849,
          43.8421013
        ]
      },
      "id": "node/1684383458"
    },
    {
      "type": "Feature",
      "properties": {
        "@id": "node/1684384766",
        "amenity": "cafe",
        "check_date": "2026-02-25",
        "internet_access": "wlan",
        "name": "Caffe slastičarna - pizzeria Fellini",
        "opening_hours": "Mo-Su 07:00-22:00"
      },
      "geometry": {
        "type": "Point",
        "coordinates": [
          18.342262,
          43.8445659
        ]
      },
      "id": "node/1684384766"
    },
    {
      "type": "Feature",
      "properties": {
        "@id": "node/1685749469",
        "amenity": "restaurant",
        "name": "DON",
        "name:sr": "ДОН",
        "name:sr-Latn": "DON"
      },
      "geometry": {
        "type": "Point",
        "coordinates": [
          18.3771823,
          43.8315631
        ]
      },
      "id": "node/1685749469"
    },
    {
      "type": "Feature",
      "properties": {
        "@id": "node/1685767420",
        "addr:housenumber": "4",
        "addr:postcode": "41126",
        "addr:street": "Draže Mihajlovića",
        "amenity": "restaurant",
        "cuisine": "pizza",
        "name": "KNEZ",
        "name:sr": "КНЕЗ",
        "name:sr-Latn": "KNEZ"
      },
      "geometry": {
        "type": "Point",
        "coordinates": [
          18.3695832,
          43.8299044
        ]
      },
      "id": "node/1685767420"
    },
    {
      "type": "Feature",
      "properties": {
        "@id": "node/1695321154",
        "addr:city": "Sarajevo",
        "addr:housenumber": "9",
        "addr:postcode": "71000",
        "addr:street": "Ložionička",
        "alcohol": "no",
        "amenity": "restaurant",
        "contact:instagram": "https://www.instagram.com/slatkoislanosarajevo/",
        "cuisine": "italian",
        "facebook": "https://www.facebook.com/slatkoislano1",
        "internet_access": "wlan",
        "name": "Slatko i slano",
        "opening_hours": "Mo-Sa 07:00-22:00; Su 10:00-21:00",
        "phone": "+387 33 255-552",
        "smoking": "no",
        "website": "https://www.slatkoislano.ba/"
      },
      "geometry": {
        "type": "Point",
        "coordinates": [
          18.3846441,
          43.8536038
        ]
      },
      "id": "node/1695321154"
    },
    {
      "type": "Feature",
      "properties": {
        "@id": "node/1695405837",
        "addr:city": "Sarajevo",
        "addr:housenumber": "2",
        "addr:postcode": "71000",
        "addr:street": "Čobanija",
        "amenity": "restaurant",
        "cuisine": "international",
        "name": "Dva Ribara",
        "phone": "+387 33 206525",
        "website": "https://foursquare.com/v/dva-ribara/4e271d61c65bb6120fd27432"
      },
      "geometry": {
        "type": "Point",
        "coordinates": [
          18.4201774,
          43.8561382
        ]
      },
      "id": "node/1695405837"
    },
    {
      "type": "Feature",
      "properties": {
        "@id": "node/1708415605",
        "amenity": "fast_food",
        "cuisine": "pizza",
        "name": "U2"
      },
      "geometry": {
        "type": "Point",
        "coordinates": [
          18.3459849,
          43.8288847
        ]
      },
      "id": "node/1708415605"
    },
    {
      "type": "Feature",
      "properties": {
        "@id": "node/1708415629",
        "amenity": "fast_food",
        "cuisine": "burger",
        "name": "Sab-sar"
      },
      "geometry": {
        "type": "Point",
        "coordinates": [
          18.3462826,
          43.8285964
        ]
      },
      "id": "node/1708415629"
    },
    {
      "type": "Feature",
      "properties": {
        "@id": "node/1728574500",
        "amenity": "restaurant",
        "name": "Kedaš"
      },
      "geometry": {
        "type": "Point",
        "coordinates": [
          18.3419316,
          43.8289604
        ]
      },
      "id": "node/1728574500"
    },
    {
      "type": "Feature",
      "properties": {
        "@id": "node/1740557553",
        "amenity": "cafe",
        "name": "Caffe Club Le Figaro"
      },
      "geometry": {
        "type": "Point",
        "coordinates": [
          18.3779925,
          43.8523361
        ]
      },
      "id": "node/1740557553"
    },
    {
      "type": "Feature",
      "properties": {
        "@id": "node/1746645843",
        "amenity": "fast_food",
        "name": "Kambera"
      },
      "geometry": {
        "type": "Point",
        "coordinates": [
          18.3222895,
          43.8575291
        ]
      },
      "id": "node/1746645843"
    },
    {
      "type": "Feature",
      "properties": {
        "@id": "node/1746646915",
        "amenity": "restaurant",
        "name": "Restoran Moneta"
      },
      "geometry": {
        "type": "Point",
        "coordinates": [
          18.3090051,
          43.875793
        ]
      },
      "id": "node/1746646915"
    },
    {
      "type": "Feature",
      "properties": {
        "@id": "node/1746652049",
        "amenity": "pub",
        "name": "Klub KOD SUCE"
      },
      "geometry": {
        "type": "Point",
        "coordinates": [
          18.3493262,
          43.8601516
        ]
      },
      "id": "node/1746652049"
    },
    {
      "type": "Feature",
      "properties": {
        "@id": "node/1746663439",
        "amenity": "cafe"
      },
      "geometry": {
        "type": "Point",
        "coordinates": [
          18.3381467,
          43.8408669
        ]
      },
      "id": "node/1746663439"
    },
    {
      "type": "Feature",
      "properties": {
        "@id": "node/1746663507",
        "amenity": "fast_food"
      },
      "geometry": {
        "type": "Point",
        "coordinates": [
          18.3382916,
          43.8409056
        ]
      },
      "id": "node/1746663507"
    },
    {
      "type": "Feature",
      "properties": {
        "@id": "node/1746663594",
        "amenity": "restaurant"
      },
      "geometry": {
        "type": "Point",
        "coordinates": [
          18.3379861,
          43.8408358
        ]
      },
      "id": "node/1746663594"
    },
    {
      "type": "Feature",
      "properties": {
        "@id": "node/1754982177",
        "amenity": "restaurant",
        "name": "RUŽA"
      },
      "geometry": {
        "type": "Point",
        "coordinates": [
          18.3766728,
          43.8457827
        ]
      },
      "id": "node/1754982177"
    },
    {
      "type": "Feature",
      "properties": {
        "@id": "node/1758524638",
        "amenity": "cafe",
        "name": "Cappuccino",
        "name:sr": "Капућино",
        "name:sr-Latn": "Cappuccino"
      },
      "geometry": {
        "type": "Point",
        "coordinates": [
          18.3631038,
          43.819227
        ]
      },
      "id": "node/1758524638"
    },
    {
      "type": "Feature",
      "properties": {
        "@id": "node/1769476610",
        "addr:city": "Hadžići",
        "addr:country": "BA",
        "addr:housenumber": "117",
        "addr:postcode": "71240",
        "addr:street": "Hadželi",
        "alt_name": "Caffe bar Tref;Tref",
        "amenity": "pub",
        "contact:facebook": "https://facebook.com",
        "contact:instagram": "https://www.instagram.com/city_bar_tref/",
        "contact:phone": "+387 62 967 323",
        "name": "City Bar Tref",
        "opening_hours": "Mo-Su 07:00-00:00",
        "payment:cards": "no",
        "payment:cash": "yes",
        "wheelchair": "yes"
      },
      "geometry": {
        "type": "Point",
        "coordinates": [
          18.2034108,
          43.8219978
        ]
      },
      "id": "node/1769476610"
    },
    {
      "type": "Feature",
      "properties": {
        "@id": "node/1779729002",
        "amenity": "restaurant"
      },
      "geometry": {
        "type": "Point",
        "coordinates": [
          18.3922675,
          43.8559007
        ]
      },
      "id": "node/1779729002"
    },
    {
      "type": "Feature",
      "properties": {
        "@id": "node/1779729859",
        "amenity": "fast_food",
        "cuisine": "waffle;doner",
        "name": "Kapsula Waffle & Doner House"
      },
      "geometry": {
        "type": "Point",
        "coordinates": [
          18.3925954,
          43.8548832
        ]
      },
      "id": "node/1779729859"
    },
    {
      "type": "Feature",
      "properties": {
        "@id": "node/1779730723",
        "amenity": "bar"
      },
      "geometry": {
        "type": "Point",
        "coordinates": [
          18.3925942,
          43.8558622
        ]
      },
      "id": "node/1779730723"
    },
    {
      "type": "Feature",
      "properties": {
        "@id": "node/1779731558",
        "amenity": "fast_food"
      },
      "geometry": {
        "type": "Point",
        "coordinates": [
          18.3927717,
          43.8554829
        ]
      },
      "id": "node/1779731558"
    },
    {
      "type": "Feature",
      "properties": {
        "@id": "node/1783767742",
        "amenity": "restaurant",
        "name": "Orac",
        "name:sr": "Орач",
        "name:sr-Latn": "Orač"
      },
      "geometry": {
        "type": "Point",
        "coordinates": [
          18.3450029,
          43.8070795
        ]
      },
      "id": "node/1783767742"
    },
    {
      "type": "Feature",
      "properties": {
        "@id": "node/1821606547",
        "amenity": "cafe",
        "name": "Verona",
        "name:sr": "Верона",
        "name:sr-Latn": "Verona"
      },
      "geometry": {
        "type": "Point",
        "coordinates": [
          18.3651456,
          43.821587
        ]
      },
      "id": "node/1821606547"
    },
    {
      "type": "Feature",
      "properties": {
        "@id": "node/1829947189",
        "amenity": "restaurant",
        "name": "Mali raj"
      },
      "geometry": {
        "type": "Point",
        "coordinates": [
          18.5416297,
          43.8516476
        ]
      },
      "id": "node/1829947189"
    },
    {
      "type": "Feature",
      "properties": {
        "@id": "node/1832996885",
        "addr:housenumber": "61",
        "addr:street": "Čekaluša",
        "alt_name": "Četiri sobe gospođe Safije",
        "amenity": "restaurant",
        "cuisine": "international",
        "email": "info@4sgs.net",
        "internet_access": "wlan",
        "name": "4 sobe gospođe Safije",
        "name:en": "The Four Rooms of Mrs. Safija",
        "outdoor_seating": "yes",
        "phone": "+387 33 202745",
        "smoking": "yes",
        "website": "http://www.4sgs.net"
      },
      "geometry": {
        "type": "Point",
        "coordinates": [
          18.4148402,
          43.8640394
        ]
      },
      "id": "node/1832996885"
    },
    {
      "type": "Feature",
      "properties": {
        "@id": "node/1840686317",
        "addr:city": "Sarajevo",
        "addr:housenumber": "2",
        "addr:postcode": "71000",
        "addr:street": "Aleja Bosne Srebrene",
        "amenity": "restaurant",
        "cuisine": "regional",
        "name": "Ćevabdžinica Nera",
        "phone": "+387 61 982960",
        "wheelchair": "yes"
      },
      "geometry": {
        "type": "Point",
        "coordinates": [
          18.3380055,
          43.8412804
        ]
      },
      "id": "node/1840686317"
    },
    {
      "type": "Feature",
      "properties": {
        "@id": "node/1889511881",
        "addr:city": "Hadžići",
        "addr:country": "BA",
        "addr:housenumber": "60",
        "addr:postcode": "71240",
        "addr:street": "Hadželi",
        "alt_name": "City Bar",
        "amenity": "cafe",
        "cuisine": "regional",
        "drink:beer": "yes",
        "drink:coffee": "yes",
        "name": "Gradski Bar",
        "opening_hours": "Mo-Su 06:00-23:00",
        "payment:cards": "no",
        "payment:cash": "yes"
      },
      "geometry": {
        "type": "Point",
        "coordinates": [
          18.2056728,
          43.8230216
        ]
      },
      "id": "node/1889511881"
    },
    {
      "type": "Feature",
      "properties": {
        "@id": "node/1889511886",
        "addr:city": "Hadžići",
        "addr:country": "BA",
        "addr:housenumber": "54",
        "addr:postcode": "71240",
        "addr:street": "Hadželi",
        "alt_name": "Mačak;Caffe Mačak",
        "amenity": "pub",
        "contact:phone": "+387 62 644 666",
        "cuisine": "pizza",
        "name": "Caffe Bar Mačak",
        "opening_hours": "Mo-Su 07:00-23:00",
        "payment:cards": "no",
        "payment:cash": "yes",
        "phone": "+387 62 644 666",
        "reservation": "yes",
        "wheelchair": "yes"
      },
      "geometry": {
        "type": "Point",
        "coordinates": [
          18.2060989,
          43.8231573
        ]
      },
      "id": "node/1889511886"
    },
    {
      "type": "Feature",
      "properties": {
        "@id": "node/1889511890",
        "amenity": "restaurant",
        "name": "Caffe-Picerija Bingo"
      },
      "geometry": {
        "type": "Point",
        "coordinates": [
          18.2122142,
          43.8315208
        ]
      },
      "id": "node/1889511890"
    },
    {
      "type": "Feature",
      "properties": {
        "@id": "node/1889511896",
        "amenity": "restaurant"
      },
      "geometry": {
        "type": "Point",
        "coordinates": [
          18.2116939,
          43.8319968
        ]
      },
      "id": "node/1889511896"
    },
    {
      "type": "Feature",
      "properties": {
        "@id": "node/1889511900",
        "amenity": "restaurant"
      },
      "geometry": {
        "type": "Point",
        "coordinates": [
          18.2107766,
          43.8312654
        ]
      },
      "id": "node/1889511900"
    },
    {
      "type": "Feature",
      "properties": {
        "@id": "node/1899562861",
        "addr:city": "Sarajevo",
        "addr:country": "BA",
        "addr:housenumber": "bb",
        "addr:postcode": "71000",
        "addr:street": "Dženetića čikma",
        "amenity": "restaurant",
        "check_date": "2024-11-19",
        "contact:email": "karuzo@bih.net.ba",
        "cuisine": "fish",
        "diet:vegan": "yes",
        "diet:vegetarian": "only",
        "internet_access": "wlan",
        "name": "Karuzo",
        "opening_hours": "Mo-Fr 10:00-23:00; Sa-Su 18:00-23:00",
        "phone": "+387 62347456",
        "website": "http://restaurantkaruzo.com"
      },
      "geometry": {
        "type": "Point",
        "coordinates": [
          18.4243633,
          43.8601243
        ]
      },
      "id": "node/1899562861"
    },
    {
      "type": "Feature",
      "properties": {
        "@id": "node/1904838174",
        "amenity": "cafe",
        "name": "Kafe galerija",
        "name:sr": "Кафе галерија",
        "name:sr-Latn": "Kafe galerija"
      },
      "geometry": {
        "type": "Point",
        "coordinates": [
          18.3590416,
          43.8206808
        ]
      },
      "id": "node/1904838174"
    },
    {
      "type": "Feature",
      "properties": {
        "@id": "node/1904838248",
        "amenity": "restaurant",
        "name": "Ekspres restoran",
        "name:sr": "Експрес ресторан",
        "name:sr-Latn": "Ekspres restoran"
      },
      "geometry": {
        "type": "Point",
        "coordinates": [
          18.3588083,
          43.8206285
        ]
      },
      "id": "node/1904838248"
    },
    {
      "type": "Feature",
      "properties": {
        "@id": "node/1909327507",
        "amenity": "fast_food",
        "name": "Roštiljnica Pajić",
        "name:sr": "Роштиљница Пајић",
        "name:sr-Latn": "Roštiljnica Pajić"
      },
      "geometry": {
        "type": "Point",
        "coordinates": [
          18.3614741,
          43.8186169
        ]
      },
      "id": "node/1909327507"
    },
    {
      "type": "Feature",
      "properties": {
        "@id": "node/1920598265",
        "amenity": "cafe",
        "name": "Orange",
        "name:sr": "Оранж",
        "name:sr-Latn": "Orange"
      },
      "geometry": {
        "type": "Point",
        "coordinates": [
          18.3572502,
          43.822522
        ]
      },
      "id": "node/1920598265"
    },
    {
      "type": "Feature",
      "properties": {
        "@id": "node/1920633577",
        "amenity": "cafe"
      },
      "geometry": {
        "type": "Point",
        "coordinates": [
          18.3684075,
          43.8221376
        ]
      },
      "id": "node/1920633577"
    },
    {
      "type": "Feature",
      "properties": {
        "@id": "node/1920634206",
        "amenity": "fast_food"
      },
      "geometry": {
        "type": "Point",
        "coordinates": [
          18.3629274,
          43.8209116
        ]
      },
      "id": "node/1920634206"
    },
    {
      "type": "Feature",
      "properties": {
        "@id": "node/1922342697",
        "amenity": "cafe",
        "name": "Roma",
        "name:sr": "Рома",
        "name:sr-Latn": "Roma"
      },
      "geometry": {
        "type": "Point",
        "coordinates": [
          18.3659199,
          43.8267796
        ]
      },
      "id": "node/1922342697"
    },
    {
      "type": "Feature",
      "properties": {
        "@id": "node/1928842503",
        "addr:city": "Sarajevo",
        "addr:country": "BA",
        "addr:housenumber": "13",
        "addr:postcode": "71000",
        "addr:street": "Hamdije Kreševljakovića",
        "amenity": "cafe",
        "contact:phone": "+387 33 209411",
        "dog": "yes",
        "name": "Meeting Point",
        "old_name": "Trasa",
        "wheelchair": "limited"
      },
      "geometry": {
        "type": "Point",
        "coordinates": [
          18.4182292,
          43.8556219
        ]
      },
      "id": "node/1928842503"
    },
    {
      "type": "Feature",
      "properties": {
        "@id": "node/1933864136",
        "amenity": "cafe"
      },
      "geometry": {
        "type": "Point",
        "coordinates": [
          18.3671842,
          43.8227523
        ]
      },
      "id": "node/1933864136"
    },
    {
      "type": "Feature",
      "properties": {
        "@id": "node/1933956858",
        "amenity": "fast_food",
        "name": "Buregdžinica",
        "name:sr": "Бурегџиница",
        "name:sr-Latn": "Buregdžinica"
      },
      "geometry": {
        "type": "Point",
        "coordinates": [
          18.3668366,
          43.8268547
        ]
      },
      "id": "node/1933956858"
    },
    {
      "type": "Feature",
      "properties": {
        "@id": "node/1935888205",
        "amenity": "fast_food",
        "name": "Buregdžinica",
        "wheelchair": "yes"
      },
      "geometry": {
        "type": "Point",
        "coordinates": [
          18.3432232,
          43.9025836
        ]
      },
      "id": "node/1935888205"
    },
    {
      "type": "Feature",
      "properties": {
        "@id": "node/1935889369",
        "amenity": "fast_food",
        "name": "Buregdžinica \"Tomašević\"",
        "name:sr": "Бурегџиница \"Томашевић\"",
        "name:sr-Latn": "Buregdžinica \"Tomašević\""
      },
      "geometry": {
        "type": "Point",
        "coordinates": [
          18.3569039,
          43.8195356
        ]
      },
      "id": "node/1935889369"
    },
    {
      "type": "Feature",
      "properties": {
        "@id": "node/1969278891",
        "amenity": "fast_food",
        "cuisine": "regional",
        "name": "Fast food AS"
      },
      "geometry": {
        "type": "Point",
        "coordinates": [
          18.3404032,
          43.8439429
        ]
      },
      "id": "node/1969278891"
    },
    {
      "type": "Feature",
      "properties": {
        "@id": "node/1994604601",
        "amenity": "bar",
        "name": "Velike Daire"
      },
      "geometry": {
        "type": "Point",
        "coordinates": [
          18.4311217,
          43.8586177
        ]
      },
      "id": "node/1994604601"
    },
    {
      "type": "Feature",
      "properties": {
        "@id": "node/2003829841",
        "amenity": "cafe",
        "check_date": "2025-10-22",
        "name": "Spazio",
        "wheelchair": "limited"
      },
      "geometry": {
        "type": "Point",
        "coordinates": [
          18.4172202,
          43.8574792
        ]
      },
      "id": "node/2003829841"
    },
    {
      "type": "Feature",
      "properties": {
        "@id": "node/2005544547",
        "amenity": "cafe",
        "internet_access": "wlan",
        "name": "Papagaj"
      },
      "geometry": {
        "type": "Point",
        "coordinates": [
          18.3956633,
          43.8522194
        ]
      },
      "id": "node/2005544547"
    },
    {
      "type": "Feature",
      "properties": {
        "@id": "node/2005572843",
        "amenity": "cafe",
        "cuisine": "coffee_shop",
        "name": "Aquarius",
        "wheelchair": "yes"
      },
      "geometry": {
        "type": "Point",
        "coordinates": [
          18.3920186,
          43.849937
        ]
      },
      "id": "node/2005572843"
    },
    {
      "type": "Feature",
      "properties": {
        "@id": "node/2006881409",
        "amenity": "cafe",
        "cuisine": "coffee_shop",
        "internet_access": "wlan",
        "name": "Vatra",
        "wheelchair": "yes"
      },
      "geometry": {
        "type": "Point",
        "coordinates": [
          18.40116,
          43.852834
        ]
      },
      "id": "node/2006881409"
    },
    {
      "type": "Feature",
      "properties": {
        "@id": "node/2006881412",
        "amenity": "fast_food",
        "cuisine": "turkish",
        "name": "Alibaba",
        "wheelchair": "limited"
      },
      "geometry": {
        "type": "Point",
        "coordinates": [
          18.4025991,
          43.8518427
        ]
      },
      "id": "node/2006881412"
    },
    {
      "type": "Feature",
      "properties": {
        "@id": "node/2006881425",
        "addr:city": "Sarajevo",
        "addr:housenumber": "4a",
        "addr:postcode": "71000",
        "addr:street": "Zagrebačka",
        "air_conditioning": "yes",
        "amenity": "bar",
        "brewery": "no",
        "internet_access": "wlan",
        "name": "Coffee Station",
        "opening_hours": "Mo-Sa 07:00-23:00; Su 08:00-23:00",
        "phone": "+387 33 951 289",
        "smoking": "separated"
      },
      "geometry": {
        "type": "Point",
        "coordinates": [
          18.4041172,
          43.8528059
        ]
      },
      "id": "node/2006881425"
    },
    {
      "type": "Feature",
      "properties": {
        "@id": "node/2006881497",
        "addr:city": "Sarajevo",
        "addr:postcode": "71000",
        "addr:street": "Zagrebačka",
        "amenity": "cafe",
        "internet_access": "yes",
        "internet_access:fee": "no",
        "name": "CHE2",
        "phone": "+387 61 60 39 60",
        "smoking": "yes"
      },
      "geometry": {
        "type": "Point",
        "coordinates": [
          18.4028619,
          43.8519935
        ]
      },
      "id": "node/2006881497"
    },
    {
      "type": "Feature",
      "properties": {
        "@id": "node/2006881528",
        "addr:city": "Sarajevo",
        "addr:housenumber": "bb",
        "addr:postcode": "71000",
        "addr:street": "Zagrebačka",
        "amenity": "restaurant",
        "cuisine": "regional",
        "delivery": "Mo-Su 09:00-21:45",
        "name": "Mrkva",
        "opening_hours": "Mo-Su 08:30-22:00",
        "phone": "+387 33 22 22 25",
        "website": "https://www.mrkva.ba/"
      },
      "geometry": {
        "type": "Point",
        "coordinates": [
          18.4027331,
          43.8519201
        ]
      },
      "id": "node/2006881528"
    },
    {
      "type": "Feature",
      "properties": {
        "@id": "node/2006950895",
        "amenity": "fast_food",
        "cuisine": "regional",
        "name": "Ćevabdžinica Agronom"
      },
      "geometry": {
        "type": "Point",
        "coordinates": [
          18.4018212,
          43.8511657
        ]
      },
      "id": "node/2006950895"
    },
    {
      "type": "Feature",
      "properties": {
        "@id": "node/2006951042",
        "amenity": "cafe"
      },
      "geometry": {
        "type": "Point",
        "coordinates": [
          18.4023201,
          43.8508601
        ]
      },
      "id": "node/2006951042"
    },
    {
      "type": "Feature",
      "properties": {
        "@id": "node/2006951052",
        "amenity": "cafe",
        "cuisine": "international;coffee_shop",
        "name": "Vrt",
        "name:en": "Vrt",
        "name:hr": "Vrt",
        "name:sr": "Врт",
        "wheelchair": "limited"
      },
      "geometry": {
        "type": "Point",
        "coordinates": [
          18.4005736,
          43.853186
        ]
      },
      "id": "node/2006951052"
    },
    {
      "type": "Feature",
      "properties": {
        "@id": "node/2006951060",
        "amenity": "restaurant",
        "internet_access": "wlan",
        "name": "Cappuccino"
      },
      "geometry": {
        "type": "Point",
        "coordinates": [
          18.4001263,
          43.8530768
        ]
      },
      "id": "node/2006951060"
    },
    {
      "type": "Feature",
      "properties": {
        "@id": "node/2007221589",
        "amenity": "restaurant"
      },
      "geometry": {
        "type": "Point",
        "coordinates": [
          18.4164482,
          43.8554015
        ]
      },
      "id": "node/2007221589"
    },
    {
      "type": "Feature",
      "properties": {
        "@id": "node/2007221615",
        "amenity": "cafe"
      },
      "geometry": {
        "type": "Point",
        "coordinates": [
          18.4164509,
          43.8553357
        ]
      },
      "id": "node/2007221615"
    },
    {
      "type": "Feature",
      "properties": {
        "@id": "node/2007221618",
        "amenity": "cafe",
        "name": "VIP caffe club"
      },
      "geometry": {
        "type": "Point",
        "coordinates": [
          18.4195944,
          43.8561074
        ]
      },
      "id": "node/2007221618"
    },
    {
      "type": "Feature",
      "properties": {
        "@id": "node/2007221800",
        "addr:city": "Sarajevo",
        "addr:housenumber": "10",
        "addr:postcode": "71000",
        "addr:street": "Čobanija",
        "amenity": "bar",
        "name": "Club Teatar",
        "name:en": "Club Teatar",
        "name:hr": "Club Teatar",
        "name:sr": "Клуб Театар",
        "opening_hours": "Mo-Sa 08:00-03:00, Su 08:00-00:00",
        "phone": "+387 61555788",
        "website": "https://www.facebook.com/clubteatar.sarajevo"
      },
      "geometry": {
        "type": "Point",
        "coordinates": [
          18.4205225,
          43.8555233
        ]
      },
      "id": "node/2007221800"
    },
    {
      "type": "Feature",
      "properties": {
        "@id": "node/2007221928",
        "amenity": "cafe",
        "name": "Linea M"
      },
      "geometry": {
        "type": "Point",
        "coordinates": [
          18.4194952,
          43.8561036
        ]
      },
      "id": "node/2007221928"
    },
    {
      "type": "Feature",
      "properties": {
        "@id": "node/2007221948",
        "addr:housenumber": "8",
        "addr:street": "Hamdije Kreševljakovića",
        "amenity": "pub",
        "name": "Freaky's Pub",
        "payment:maestro": "yes",
        "payment:mastercard": "yes",
        "payment:visa": "yes",
        "smoking": "yes"
      },
      "geometry": {
        "type": "Point",
        "coordinates": [
          18.416467,
          43.8554673
        ]
      },
      "id": "node/2007221948"
    },
    {
      "type": "Feature",
      "properties": {
        "@id": "node/2007320380",
        "amenity": "cafe",
        "wheelchair": "no"
      },
      "geometry": {
        "type": "Point",
        "coordinates": [
          18.4151889,
          43.8573651
        ]
      },
      "id": "node/2007320380"
    },
    {
      "type": "Feature",
      "properties": {
        "@id": "node/2007320511",
        "amenity": "cafe",
        "wheelchair": "no"
      },
      "geometry": {
        "type": "Point",
        "coordinates": [
          18.4153911,
          43.8574159
        ]
      },
      "id": "node/2007320511"
    },
    {
      "type": "Feature",
      "properties": {
        "@id": "node/2007320532",
        "amenity": "cafe"
      },
      "geometry": {
        "type": "Point",
        "coordinates": [
          18.4193477,
          43.8575928
        ]
      },
      "id": "node/2007320532"
    },
    {
      "type": "Feature",
      "properties": {
        "@id": "node/2007962313",
        "amenity": "cafe"
      },
      "geometry": {
        "type": "Point",
        "coordinates": [
          18.4207359,
          43.858264
        ]
      },
      "id": "node/2007962313"
    },
    {
      "type": "Feature",
      "properties": {
        "@id": "node/2007962354",
        "amenity": "cafe",
        "internet_access": "wlan",
        "level": "1",
        "name": "Mash",
        "opening_hours": "Mo-Su 08:00-00:00",
        "outdoor_seating": "yes",
        "wheelchair": "no"
      },
      "geometry": {
        "type": "Point",
        "coordinates": [
          18.4215661,
          43.8575073
        ]
      },
      "id": "node/2007962354"
    },
    {
      "type": "Feature",
      "properties": {
        "@id": "node/2007962379",
        "amenity": "bar"
      },
      "geometry": {
        "type": "Point",
        "coordinates": [
          18.4203107,
          43.8585507
        ]
      },
      "id": "node/2007962379"
    },
    {
      "type": "Feature",
      "properties": {
        "@id": "node/2007962407",
        "amenity": "cafe",
        "cuisine": "coffee_shop",
        "name": "Kogo",
        "wheelchair": "no"
      },
      "geometry": {
        "type": "Point",
        "coordinates": [
          18.4205227,
          43.8591202
        ]
      },
      "id": "node/2007962407"
    },
    {
      "type": "Feature",
      "properties": {
        "@id": "node/2007962533",
        "amenity": "cafe"
      },
      "geometry": {
        "type": "Point",
        "coordinates": [
          18.4215795,
          43.8573612
        ]
      },
      "id": "node/2007962533"
    },
    {
      "type": "Feature",
      "properties": {
        "@id": "node/2007962650",
        "amenity": "cafe",
        "cuisine": "pizza",
        "name": "Michele's"
      },
      "geometry": {
        "type": "Point",
        "coordinates": [
          18.4246828,
          43.8588785
        ]
      },
      "id": "node/2007962650"
    },
    {
      "type": "Feature",
      "properties": {
        "@id": "node/2007962693",
        "amenity": "restaurant"
      },
      "geometry": {
        "type": "Point",
        "coordinates": [
          18.4221107,
          43.8567733
        ]
      },
      "id": "node/2007962693"
    },
    {
      "type": "Feature",
      "properties": {
        "@id": "node/2007962718",
        "amenity": "cafe",
        "cuisine": "italian",
        "indoor_seating": "yes",
        "name": "Impasto",
        "outdoor_seating": "yes"
      },
      "geometry": {
        "type": "Point",
        "coordinates": [
          18.4247391,
          43.8588978
        ]
      },
      "id": "node/2007962718"
    },
    {
      "type": "Feature",
      "properties": {
        "@id": "node/2007962982",
        "amenity": "cafe",
        "cuisine": "coffee_shop",
        "name": "Vatra",
        "wheelchair": "limited"
      },
      "geometry": {
        "type": "Point",
        "coordinates": [
          18.4222661,
          43.8585981
        ]
      },
      "id": "node/2007962982"
    },
    {
      "type": "Feature",
      "properties": {
        "@id": "node/2007963038",
        "amenity": "fast_food",
        "cuisine": "american",
        "name": "Surf N' Fries"
      },
      "geometry": {
        "type": "Point",
        "coordinates": [
          18.4204362,
          43.8583443
        ]
      },
      "id": "node/2007963038"
    },
    {
      "type": "Feature",
      "properties": {
        "@id": "node/2007963040",
        "amenity": "fast_food",
        "cuisine": "pizza",
        "name": "U2"
      },
      "geometry": {
        "type": "Point",
        "coordinates": [
          18.420307,
          43.8584762
        ]
      },
      "id": "node/2007963040"
    },
    {
      "type": "Feature",
      "properties": {
        "@id": "node/2007963209",
        "amenity": "cafe",
        "cuisine": "coffee_shop",
        "name": "Brasil"
      },
      "geometry": {
        "type": "Point",
        "coordinates": [
          18.420528,
          43.8594335
        ]
      },
      "id": "node/2007963209"
    },
    {
      "type": "Feature",
      "properties": {
        "@id": "node/2007963244",
        "amenity": "cafe",
        "check_date": "2024-07-06",
        "name": "Delikatesna Radnia",
        "name:bs": "Delikatesna Radnia"
      },
      "geometry": {
        "type": "Point",
        "coordinates": [
          18.4219845,
          43.8567675
        ]
      },
      "id": "node/2007963244"
    },
    {
      "type": "Feature",
      "properties": {
        "@id": "node/2007963250",
        "amenity": "cafe"
      },
      "geometry": {
        "type": "Point",
        "coordinates": [
          18.4205227,
          43.8582663
        ]
      },
      "id": "node/2007963250"
    },
    {
      "type": "Feature",
      "properties": {
        "@id": "node/2008253760",
        "amenity": "restaurant",
        "cuisine": "breakfast;coffee_shop;italian;noodles;pancake;pasta",
        "internet_access": "wlan",
        "name": "Metropolis Midtown",
        "opening_hours": "Mo-Fr 08:00-23:30; Su 10:00-23:00; Sa 09:00-23:30"
      },
      "geometry": {
        "type": "Point",
        "coordinates": [
          18.4252681,
          43.8590381
        ]
      },
      "id": "node/2008253760"
    },
    {
      "type": "Feature",
      "properties": {
        "@id": "node/2008331727",
        "amenity": "restaurant"
      },
      "geometry": {
        "type": "Point",
        "coordinates": [
          18.4118088,
          43.8772246
        ]
      },
      "id": "node/2008331727"
    },
    {
      "type": "Feature",
      "properties": {
        "@id": "node/2008331961",
        "amenity": "restaurant"
      },
      "geometry": {
        "type": "Point",
        "coordinates": [
          18.4122916,
          43.8771009
        ]
      },
      "id": "node/2008331961"
    },
    {
      "type": "Feature",
      "properties": {
        "@id": "node/2010483918",
        "amenity": "cafe",
        "internet_access": "no",
        "internet_access:fee": "no",
        "name": "Komshilook",
        "outdoor_seating": "yes",
        "smoking": "yes",
        "takeaway": "yes",
        "wheelchair": "yes"
      },
      "geometry": {
        "type": "Point",
        "coordinates": [
          18.339529,
          43.830286
        ]
      },
      "id": "node/2010483918"
    },
    {
      "type": "Feature",
      "properties": {
        "@id": "node/2010490132",
        "addr:city": "Sarajevo",
        "addr:country": "BA",
        "addr:postcode": "71000",
        "addr:street": "Husrefa Redžića",
        "amenity": "cafe",
        "cuisine": "regional",
        "internet_access": "wlan",
        "internet_access:fee": "no",
        "name": "FACES",
        "outdoor_seating": "yes",
        "smoking": "yes",
        "takeaway": "yes",
        "wheelchair": "yes"
      },
      "geometry": {
        "type": "Point",
        "coordinates": [
          18.408481,
          43.866101
        ]
      },
      "id": "node/2010490132"
    },
    {
      "type": "Feature",
      "properties": {
        "@id": "node/2012076447",
        "amenity": "restaurant",
        "cuisine": "regional",
        "name": "Ur Caffe Bar Jesenjin 1979",
        "wheelchair": "yes"
      },
      "geometry": {
        "type": "Point",
        "coordinates": [
          18.3911278,
          43.8504483
        ]
      },
      "id": "node/2012076447"
    },
    {
      "type": "Feature",
      "properties": {
        "@id": "node/2012076448",
        "amenity": "cafe",
        "wheelchair": "limited"
      },
      "geometry": {
        "type": "Point",
        "coordinates": [
          18.3908687,
          43.8504568
        ]
      },
      "id": "node/2012076448"
    },
    {
      "type": "Feature",
      "properties": {
        "@id": "node/2012076459",
        "amenity": "fast_food",
        "name": "A2"
      },
      "geometry": {
        "type": "Point",
        "coordinates": [
          18.3918065,
          43.8507409
        ]
      },
      "id": "node/2012076459"
    },
    {
      "type": "Feature",
      "properties": {
        "@id": "node/2012076461",
        "amenity": "cafe",
        "name": "A2",
        "wheelchair": "yes"
      },
      "geometry": {
        "type": "Point",
        "coordinates": [
          18.3918519,
          43.8507443
        ]
      },
      "id": "node/2012076461"
    },
    {
      "type": "Feature",
      "properties": {
        "@id": "node/2046108618",
        "amenity": "taxi;restaurant",
        "name": "Patriotske lige",
        "name:en": "Superfood",
        "ref": "12"
      },
      "geometry": {
        "type": "Point",
        "coordinates": [
          18.412296,
          43.8668793
        ]
      },
      "id": "node/2046108618"
    },
    {
      "type": "Feature",
      "properties": {
        "@id": "node/2047774533",
        "amenity": "restaurant",
        "name": "Druga Kuća Lora"
      },
      "geometry": {
        "type": "Point",
        "coordinates": [
          18.3885941,
          43.8539716
        ]
      },
      "id": "node/2047774533"
    },
    {
      "type": "Feature",
      "properties": {
        "@id": "node/2048643086",
        "amenity": "bar"
      },
      "geometry": {
        "type": "Point",
        "coordinates": [
          18.4300833,
          43.8550013
        ]
      },
      "id": "node/2048643086"
    },
    {
      "type": "Feature",
      "properties": {
        "@id": "node/2048646703",
        "addr:city": "Sarajevo",
        "addr:housenumber": "15",
        "addr:postcode": "71000",
        "addr:street": "Franjevačka",
        "amenity": "restaurant",
        "contact:email": "pivnica.hs@pivara.ba",
        "contact:phone": "+387 33 239-740",
        "contact:website": "http://pivnicahs.com",
        "cuisine": "regional;balkan",
        "internet_access": "wlan",
        "internet_access:fee": "no",
        "microbrewery": "yes",
        "name": "Pivnica \"HS\"",
        "opening_hours": "Mo-Su 10:00-01:00",
        "smoking": "yes",
        "toilets": "yes",
        "toilets:access": "customers",
        "wheelchair": "limited"
      },
      "geometry": {
        "type": "Point",
        "coordinates": [
          18.4328388,
          43.8561814
        ]
      },
      "id": "node/2048646703"
    },
    {
      "type": "Feature",
      "properties": {
        "@id": "node/2072379446",
        "amenity": "bar",
        "name": "Piccolo"
      },
      "geometry": {
        "type": "Point",
        "coordinates": [
          18.4024806,
          43.8514486
        ]
      },
      "id": "node/2072379446"
    },
    {
      "type": "Feature",
      "properties": {
        "@id": "node/2081436434",
        "amenity": "restaurant",
        "cuisine": "italian",
        "name": "La Dolce Vita"
      },
      "geometry": {
        "type": "Point",
        "coordinates": [
          18.3402858,
          43.8438804
        ]
      },
      "id": "node/2081436434"
    },
    {
      "type": "Feature",
      "properties": {
        "@id": "node/2091026954",
        "addr:housenumber": "34",
        "addr:postcode": "71000",
        "addr:street": "Envera Šehovića",
        "amenity": "fast_food",
        "cuisine": "burger",
        "name": "Mrkva Express",
        "phone": "+387 33 618888",
        "website": "https://www.mrkva.ba/"
      },
      "geometry": {
        "type": "Point",
        "coordinates": [
          18.3811858,
          43.8533604
        ]
      },
      "id": "node/2091026954"
    },
    {
      "type": "Feature",
      "properties": {
        "@id": "node/2092432341",
        "amenity": "cafe"
      },
      "geometry": {
        "type": "Point",
        "coordinates": [
          18.4008869,
          43.8643749
        ]
      },
      "id": "node/2092432341"
    },
    {
      "type": "Feature",
      "properties": {
        "@id": "node/2094046157",
        "addr:street": "Dr. Silve Rizvanbegović",
        "amenity": "fast_food",
        "cuisine": "pizza",
        "name": "Pizzeria Uspon",
        "website": "http://www.pizzeria-uspon.com"
      },
      "geometry": {
        "type": "Point",
        "coordinates": [
          18.3313403,
          43.8427935
        ]
      },
      "id": "node/2094046157"
    },
    {
      "type": "Feature",
      "properties": {
        "@id": "node/2102967519",
        "amenity": "cafe",
        "name": "Soho",
        "name:sr": "Сохо",
        "name:sr-Latn": "Soho"
      },
      "geometry": {
        "type": "Point",
        "coordinates": [
          18.3691617,
          43.8269287
        ]
      },
      "id": "node/2102967519"
    },
    {
      "type": "Feature",
      "properties": {
        "@id": "node/2103410769",
        "addr:housenumber": "117",
        "addr:street": "Džemala Bijedića",
        "amenity": "bar",
        "name": "Ambasador"
      },
      "geometry": {
        "type": "Point",
        "coordinates": [
          18.3671877,
          43.8508173
        ]
      },
      "id": "node/2103410769"
    },
    {
      "type": "Feature",
      "properties": {
        "@id": "node/2106112203",
        "amenity": "fast_food",
        "cuisine": "sandwich",
        "name": "Kokoda"
      },
      "geometry": {
        "type": "Point",
        "coordinates": [
          18.4137539,
          43.8614739
        ]
      },
      "id": "node/2106112203"
    },
    {
      "type": "Feature",
      "properties": {
        "@id": "node/2106136860",
        "amenity": "restaurant",
        "cuisine": "turkish",
        "name": "Halikarnas",
        "opening_hours": "Su-Th 08:00-23:00, Fr,Sa 08:00-24:00"
      },
      "geometry": {
        "type": "Point",
        "coordinates": [
          18.4122395,
          43.8612593
        ]
      },
      "id": "node/2106136860"
    },
    {
      "type": "Feature",
      "properties": {
        "@id": "node/2107013150",
        "addr:housenumber": "5",
        "addr:street": "Kaptol",
        "amenity": "bar",
        "changing_table": "no",
        "check_date": "2026-02-27",
        "contact:phone": "+387 33 836348",
        "cuisine": "coffee_shop",
        "level": "0",
        "name": "Goldfish - Zlatna ribica",
        "name:hr": "Zlatna Ribica",
        "opening_hours": "Mo-Sa 16:00-24:00; Su off",
        "smoking": "no",
        "toilets": "yes",
        "toilets:menstrual_products": "yes",
        "toilets:wheelchair": "no",
        "wheelchair": "no"
      },
      "geometry": {
        "type": "Point",
        "coordinates": [
          18.4218215,
          43.8592816
        ]
      },
      "id": "node/2107013150"
    },
    {
      "type": "Feature",
      "properties": {
        "@id": "node/2107013473",
        "amenity": "cafe",
        "cuisine": "coffee_shop",
        "internet_access": "wlan",
        "internet_access:fee": "no",
        "name": "Dialog",
        "opening_hours": "Mo-Sa 07:00-23:00; Su 08:00-22:00",
        "smoking": "yes"
      },
      "geometry": {
        "type": "Point",
        "coordinates": [
          18.4235381,
          43.8584964
        ]
      },
      "id": "node/2107013473"
    },
    {
      "type": "Feature",
      "properties": {
        "@id": "node/2107017919",
        "amenity": "fast_food",
        "cuisine": "italian",
        "name": "Chipas"
      },
      "geometry": {
        "type": "Point",
        "coordinates": [
          18.4251743,
          43.8592622
        ]
      },
      "id": "node/2107017919"
    },
    {
      "type": "Feature",
      "properties": {
        "@id": "node/2107067570",
        "addr:postcode": "71000",
        "addr:street": "Ferhadija",
        "amenity": "cafe",
        "cuisine": "coffee_shop",
        "level": "9",
        "name": "Cafe Hotel Hecco"
      },
      "geometry": {
        "type": "Point",
        "coordinates": [
          18.4217497,
          43.8586477
        ]
      },
      "id": "node/2107067570"
    },
    {
      "type": "Feature",
      "properties": {
        "@id": "node/2107068362",
        "amenity": "fast_food",
        "cuisine": "regional",
        "name": "Forino Burek"
      },
      "geometry": {
        "type": "Point",
        "coordinates": [
          18.4177311,
          43.8587477
        ]
      },
      "id": "node/2107068362"
    },
    {
      "type": "Feature",
      "properties": {
        "@id": "node/2107075697",
        "amenity": "cafe",
        "brand": "Julius Meinl",
        "brand:wikidata": "Q670154",
        "cuisine": "coffee_shop",
        "name": "Julius Meinl",
        "takeaway": "yes"
      },
      "geometry": {
        "type": "Point",
        "coordinates": [
          18.4155478,
          43.85792
        ]
      },
      "id": "node/2107075697"
    },
    {
      "type": "Feature",
      "properties": {
        "@id": "node/2108629952",
        "amenity": "fast_food",
        "name": "Sarajka"
      },
      "geometry": {
        "type": "Point",
        "coordinates": [
          18.2963046,
          43.8301964
        ]
      },
      "id": "node/2108629952"
    },
    {
      "type": "Feature",
      "properties": {
        "@id": "node/2122714181",
        "amenity": "cafe",
        "name": "Mirage",
        "name:sr": "Мираге",
        "name:sr-Latn": "Mirage"
      },
      "geometry": {
        "type": "Point",
        "coordinates": [
          18.3623226,
          43.8241414
        ]
      },
      "id": "node/2122714181"
    },
    {
      "type": "Feature",
      "properties": {
        "@id": "node/2126042905",
        "amenity": "fast_food",
        "name": "Ćevabdžinica Šahbaz"
      },
      "geometry": {
        "type": "Point",
        "coordinates": [
          18.416446,
          43.8669413
        ]
      },
      "id": "node/2126042905"
    },
    {
      "type": "Feature",
      "properties": {
        "@id": "node/2132236803",
        "addr:housenumber": "14",
        "addr:postcode": "71000",
        "addr:street": "Prote Bakovića",
        "amenity": "cafe",
        "cuisine": "coffee_shop",
        "internet_access": "wlan",
        "name": "El Kazbah",
        "website": "http://www.privateroomsonly.com",
        "wheelchair": "limited"
      },
      "geometry": {
        "type": "Point",
        "coordinates": [
          18.4304459,
          43.8594291
        ]
      },
      "id": "node/2132236803"
    },
    {
      "type": "Feature",
      "properties": {
        "@id": "node/2132494785",
        "amenity": "fast_food",
        "cuisine": "pizza",
        "name": "U2"
      },
      "geometry": {
        "type": "Point",
        "coordinates": [
          18.3751225,
          43.8472506
        ]
      },
      "id": "node/2132494785"
    },
    {
      "type": "Feature",
      "properties": {
        "@id": "node/2132509664",
        "amenity": "restaurant",
        "name": "Hotel Plavi Zamak"
      },
      "geometry": {
        "type": "Point",
        "coordinates": [
          18.3880596,
          43.847529
        ]
      },
      "id": "node/2132509664"
    },
    {
      "type": "Feature",
      "properties": {
        "@id": "node/2134786000",
        "amenity": "bar"
      },
      "geometry": {
        "type": "Point",
        "coordinates": [
          18.4044087,
          43.8563751
        ]
      },
      "id": "node/2134786000"
    },
    {
      "type": "Feature",
      "properties": {
        "@id": "node/2134786003",
        "amenity": "cafe"
      },
      "geometry": {
        "type": "Point",
        "coordinates": [
          18.4044087,
          43.8563257
        ]
      },
      "id": "node/2134786003"
    },
    {
      "type": "Feature",
      "properties": {
        "@id": "node/2134786005",
        "amenity": "restaurant"
      },
      "geometry": {
        "type": "Point",
        "coordinates": [
          18.3994654,
          43.8527128
        ]
      },
      "id": "node/2134786005"
    },
    {
      "type": "Feature",
      "properties": {
        "@id": "node/2134786007",
        "amenity": "restaurant",
        "internet_access": "wlan",
        "name": "Milkman 1"
      },
      "geometry": {
        "type": "Point",
        "coordinates": [
          18.3999109,
          43.8528234
        ]
      },
      "id": "node/2134786007"
    },
    {
      "type": "Feature",
      "properties": {
        "@id": "node/2134792480",
        "addr:city": "Sarajevo",
        "addr:postcode": "71000",
        "addr:street": "Grbavička",
        "amenity": "cafe",
        "cuisine": "pizza;sandwich;chicken",
        "internet_access": "yes",
        "internet_access:ssid": "Curry",
        "name": "Curry",
        "opening_hours": "Mo-Fr 09:00-23:00; Sa-Su 10:00-22:00",
        "outdoor_seating": "yes",
        "smoking": "separated"
      },
      "geometry": {
        "type": "Point",
        "coordinates": [
          18.4031685,
          43.8523329
        ]
      },
      "id": "node/2134792480"
    },
    {
      "type": "Feature",
      "properties": {
        "@id": "node/2134792481",
        "addr:city": "Sarajevo",
        "addr:housenumber": "2",
        "addr:postcode": "71000",
        "addr:street": "Grbavička",
        "amenity": "bar",
        "internet_access": "yes",
        "internet_access:fee": "no",
        "name": "Just Fumari",
        "opening_hours": "Mo-Su 08:00-00:00",
        "phone": "+387 33 13 11 31",
        "smoking": "yes"
      },
      "geometry": {
        "type": "Point",
        "coordinates": [
          18.4033631,
          43.8522701
        ]
      },
      "id": "node/2134792481"
    },
    {
      "type": "Feature",
      "properties": {
        "@id": "node/2134792482",
        "amenity": "fast_food",
        "cuisine": "pizza;kebab",
        "internet_access": "wlan",
        "name": "Mut Vak",
        "opening_hours": "Mo-Fr 09:00-23:00; Sa 11:00-23:00; Su 13:00-23:00; PH off"
      },
      "geometry": {
        "type": "Point",
        "coordinates": [
          18.408825,
          43.8561855
        ]
      },
      "id": "node/2134792482"
    },
    {
      "type": "Feature",
      "properties": {
        "@id": "node/2135962548",
        "amenity": "restaurant",
        "name": "Libertas"
      },
      "geometry": {
        "type": "Point",
        "coordinates": [
          18.4280334,
          43.8605385
        ]
      },
      "id": "node/2135962548"
    },
    {
      "type": "Feature",
      "properties": {
        "@id": "node/2136025433",
        "amenity": "cafe",
        "check_date": "2025-10-21",
        "internet_access": "wlan",
        "name": "Muzički paviljon - At mejdan",
        "name:en": "Music Pavilion - At Mejdan"
      },
      "geometry": {
        "type": "Point",
        "coordinates": [
          18.4282809,
          43.8570547
        ]
      },
      "id": "node/2136025433"
    },
    {
      "type": "Feature",
      "properties": {
        "@id": "node/2136025459",
        "amenity": "pub"
      },
      "geometry": {
        "type": "Point",
        "coordinates": [
          18.426503,
          43.8589621
        ]
      },
      "id": "node/2136025459"
    },
    {
      "type": "Feature",
      "properties": {
        "@id": "node/2136025476",
        "amenity": "bar"
      },
      "geometry": {
        "type": "Point",
        "coordinates": [
          18.4265072,
          43.8589057
        ]
      },
      "id": "node/2136025476"
    },
    {
      "type": "Feature",
      "properties": {
        "@id": "node/2136025491",
        "amenity": "pub",
        "name": "Cheers"
      },
      "geometry": {
        "type": "Point",
        "coordinates": [
          18.4266108,
          43.8583059
        ]
      },
      "id": "node/2136025491"
    },
    {
      "type": "Feature",
      "properties": {
        "@id": "node/2138344143",
        "amenity": "cafe"
      },
      "geometry": {
        "type": "Point",
        "coordinates": [
          18.3674133,
          43.8244959
        ]
      },
      "id": "node/2138344143"
    },
    {
      "type": "Feature",
      "properties": {
        "@id": "node/2142823971",
        "amenity": "fast_food",
        "check_date": "2025-04-22",
        "cuisine": "kebab;pizza",
        "name": "Pirpa",
        "opening_hours": "Mo-Su 00:00-24:00;PH off",
        "outdoor_seating": "no",
        "phone": "+387 33 208183",
        "takeaway": "yes",
        "website": "https://www.facebook.com/PIRPA-274074412720269"
      },
      "geometry": {
        "type": "Point",
        "coordinates": [
          18.4203643,
          43.8560559
        ]
      },
      "id": "node/2142823971"
    },
    {
      "type": "Feature",
      "properties": {
        "@id": "node/2145389314",
        "amenity": "bar",
        "name": "Caffe bar Tequila"
      },
      "geometry": {
        "type": "Point",
        "coordinates": [
          18.2042596,
          43.8221051
        ]
      },
      "id": "node/2145389314"
    },
    {
      "type": "Feature",
      "properties": {
        "@id": "node/2145389745",
        "addr:city": "Hadžići",
        "addr:country": "BA",
        "addr:housenumber": "115",
        "addr:postcode": "71240",
        "addr:street": "Hadželi",
        "alcohol": "yes",
        "alt_name": "Caffe bar Viktorija;Caffe Pizzerija Viktorija",
        "amenity": "cafe",
        "contact:facebook": "https://www.facebook.com/ViktorijaHadzici/",
        "contact:instagram": "https://www.instagram.com/caffeviktorijapizzeria/",
        "contact:phone": "+387 62 435 222",
        "cuisine": "pizza",
        "name": "Caffe Viktorija",
        "name:bs": "Caffe Viktorija",
        "opening_hours": "Mo-Su 07:00-23:00",
        "payment:cash": "yes",
        "reservation": "yes"
      },
      "geometry": {
        "type": "Point",
        "coordinates": [
          18.2034844,
          43.8218102
        ]
      },
      "id": "node/2145389745"
    },
    {
      "type": "Feature",
      "properties": {
        "@id": "node/2145389879",
        "amenity": "bar",
        "name": "Caffe bar Barca"
      },
      "geometry": {
        "type": "Point",
        "coordinates": [
          18.2038546,
          43.8215664
        ]
      },
      "id": "node/2145389879"
    },
    {
      "type": "Feature",
      "properties": {
        "@id": "node/2145389908",
        "amenity": "bar",
        "name": "Club No Limit"
      },
      "geometry": {
        "type": "Point",
        "coordinates": [
          18.2037908,
          43.8216674
        ]
      },
      "id": "node/2145389908"
    },
    {
      "type": "Feature",
      "properties": {
        "@id": "node/2145390167",
        "amenity": "bar",
        "name": "Caffe bar Art"
      },
      "geometry": {
        "type": "Point",
        "coordinates": [
          18.2044607,
          43.8218121
        ]
      },
      "id": "node/2145390167"
    },
    {
      "type": "Feature",
      "properties": {
        "@id": "node/2145416563",
        "amenity": "fast_food",
        "name": "MB Restaurant",
        "opening_hours": "Mo-Sa 08:00-23:00; Su off",
        "phone": "+38761286313"
      },
      "geometry": {
        "type": "Point",
        "coordinates": [
          18.2019922,
          43.82173
        ]
      },
      "id": "node/2145416563"
    },
    {
      "type": "Feature",
      "properties": {
        "@id": "node/2151898121",
        "addr:housenumber": "bb",
        "addr:postcode": "71000",
        "addr:street": "Azize Šaćirbegović",
        "amenity": "bar",
        "name": "Caffe bar Leon"
      },
      "geometry": {
        "type": "Point",
        "coordinates": [
          18.3793007,
          43.8484824
        ]
      },
      "id": "node/2151898121"
    },
    {
      "type": "Feature",
      "properties": {
        "@id": "node/2163124229",
        "amenity": "restaurant",
        "name": "Lovac"
      },
      "geometry": {
        "type": "Point",
        "coordinates": [
          18.4229243,
          43.8606771
        ]
      },
      "id": "node/2163124229"
    },
    {
      "type": "Feature",
      "properties": {
        "@id": "node/2163545844",
        "amenity": "cafe",
        "name": "Ljetna bašta Stojčevac"
      },
      "geometry": {
        "type": "Point",
        "coordinates": [
          18.2931404,
          43.8098117
        ]
      },
      "id": "node/2163545844"
    },
    {
      "type": "Feature",
      "properties": {
        "@id": "node/2169681620",
        "amenity": "cafe",
        "internet_access": "wlan",
        "internet_access:fee": "yes",
        "name": "Moskva",
        "name:sr": "Москва",
        "name:sr-Latn": "Moskva",
        "outdoor_seating": "yes"
      },
      "geometry": {
        "type": "Point",
        "coordinates": [
          18.3642362,
          43.8217652
        ]
      },
      "id": "node/2169681620"
    },
    {
      "type": "Feature",
      "properties": {
        "@id": "node/2178991505",
        "addr:housenumber": "26",
        "addr:postcode": "71000",
        "addr:street": "Koševo",
        "amenity": "fast_food",
        "cuisine": "pizza",
        "name": "Pizza Bassta",
        "opening_hours": "Mo-Fr 08:00-23:30; Sa 13:00-23:30; Su 15:00-23:00",
        "website": "https://www.bassta.ba/"
      },
      "geometry": {
        "type": "Point",
        "coordinates": [
          18.4133714,
          43.8622513
        ]
      },
      "id": "node/2178991505"
    },
    {
      "type": "Feature",
      "properties": {
        "@id": "node/2205298568",
        "amenity": "pub"
      },
      "geometry": {
        "type": "Point",
        "coordinates": [
          18.340076,
          43.8284084
        ]
      },
      "id": "node/2205298568"
    },
    {
      "type": "Feature",
      "properties": {
        "@id": "node/2218421201",
        "amenity": "fast_food",
        "cuisine": "burger",
        "name": "Burgerizam"
      },
      "geometry": {
        "type": "Point",
        "coordinates": [
          18.4123539,
          43.8613447
        ]
      },
      "id": "node/2218421201"
    },
    {
      "type": "Feature",
      "properties": {
        "@id": "node/2246878511",
        "amenity": "fast_food",
        "cuisine": "regional",
        "name": "Buregdžinica \"Sač\"",
        "name:bs": "Buregdžinica \"Sač\"",
        "name:en": "\"Sač\" Pastry and Grill"
      },
      "geometry": {
        "type": "Point",
        "coordinates": [
          18.3576367,
          43.8423134
        ]
      },
      "id": "node/2246878511"
    },
    {
      "type": "Feature",
      "properties": {
        "@id": "node/2276889686",
        "addr:housenumber": "11",
        "addr:postcode": "71000",
        "addr:street": "Radićeva",
        "amenity": "cafe",
        "check_date": "2026-04-04",
        "internet_access": "wlan",
        "internet_access:fee": "customers",
        "name": "Galerija Boris Smoje",
        "operator": "GBS d.o.o.",
        "payment:cash": "yes",
        "payment:mastercard": "yes",
        "payment:visa": "yes",
        "toilets": "yes",
        "toilets:wheelchair": "no"
      },
      "geometry": {
        "type": "Point",
        "coordinates": [
          18.417248,
          43.8573282
        ]
      },
      "id": "node/2276889686"
    },
    {
      "type": "Feature",
      "properties": {
        "@id": "node/2276915690",
        "addr:city": "Sarajevo",
        "addr:country": "BA",
        "addr:housenumber": "48",
        "addr:postcode": "71000",
        "addr:street": "Kotromanića",
        "amenity": "bar",
        "name": "Caffe bar Hag"
      },
      "geometry": {
        "type": "Point",
        "coordinates": [
          18.4112402,
          43.8552387
        ]
      },
      "id": "node/2276915690"
    },
    {
      "type": "Feature",
      "properties": {
        "@id": "node/2276927363",
        "amenity": "fast_food",
        "cuisine": "regional",
        "name": "Buregdžinica Sarajka"
      },
      "geometry": {
        "type": "Point",
        "coordinates": [
          18.4169371,
          43.8579015
        ]
      },
      "id": "node/2276927363"
    },
    {
      "type": "Feature",
      "properties": {
        "@id": "node/2297441034",
        "amenity": "restaurant",
        "check_date": "2023-04-22",
        "cuisine": "regional;balkan;local",
        "level": "0",
        "name": "Ćevabdžinica Željo 1",
        "name:sr": "Ćevabdžinica Željo 1",
        "name:zh": "快餐店",
        "payment:cards": "no",
        "payment:credit_cards": "no",
        "payment:debit_cards": "no"
      },
      "geometry": {
        "type": "Point",
        "coordinates": [
          18.4297697,
          43.8586252
        ]
      },
      "id": "node/2297441034"
    },
    {
      "type": "Feature",
      "properties": {
        "@id": "node/2311542032",
        "amenity": "cafe",
        "name": "Parkuša"
      },
      "geometry": {
        "type": "Point",
        "coordinates": [
          18.417452,
          43.8591016
        ]
      },
      "id": "node/2311542032"
    },
    {
      "type": "Feature",
      "properties": {
        "@id": "node/2316790831",
        "amenity": "bar",
        "name": "Club Downtown"
      },
      "geometry": {
        "type": "Point",
        "coordinates": [
          18.4258406,
          43.8584433
        ]
      },
      "id": "node/2316790831"
    },
    {
      "type": "Feature",
      "properties": {
        "@id": "node/2322121210",
        "addr:housenumber": "30",
        "addr:postcode": "71000",
        "addr:street": "Hasana Brkića",
        "amenity": "restaurant",
        "name": "Barbarosa",
        "wheelchair": "limited"
      },
      "geometry": {
        "type": "Point",
        "coordinates": [
          18.3914335,
          43.8505072
        ]
      },
      "id": "node/2322121210"
    },
    {
      "type": "Feature",
      "properties": {
        "@id": "node/2322149159",
        "addr:housenumber": "20",
        "addr:postcode": "71000",
        "addr:street": "Čobanija",
        "amenity": "restaurant",
        "cuisine": "pizza",
        "description": "pizzeria",
        "name": "Galija",
        "opening_hours": "PH,Mo-Su 09:00-23:00",
        "website": "https://www.galija.ba/"
      },
      "geometry": {
        "type": "Point",
        "coordinates": [
          18.4210764,
          43.8545504
        ]
      },
      "id": "node/2322149159"
    },
    {
      "type": "Feature",
      "properties": {
        "@id": "node/2322150643",
        "amenity": "fast_food",
        "cuisine": "kebab",
        "name": "Amar's Doner II",
        "opening_hours": "Mo-Su 08:00-24:00",
        "outdoor_seating": "yes"
      },
      "geometry": {
        "type": "Point",
        "coordinates": [
          18.4226066,
          43.8562515
        ]
      },
      "id": "node/2322150643"
    },
    {
      "type": "Feature",
      "properties": {
        "@id": "node/2322150645",
        "amenity": "cafe"
      },
      "geometry": {
        "type": "Point",
        "coordinates": [
          18.4231551,
          43.8560551
        ]
      },
      "id": "node/2322150645"
    },
    {
      "type": "Feature",
      "properties": {
        "@id": "node/2322163629",
        "addr:postcode": "71000",
        "amenity": "pub",
        "name": "Babylon"
      },
      "geometry": {
        "type": "Point",
        "coordinates": [
          18.4295571,
          43.8596411
        ]
      },
      "id": "node/2322163629"
    },
    {
      "type": "Feature",
      "properties": {
        "@id": "node/2322179281",
        "amenity": "cafe",
        "name": "Divne Stvari",
        "opening_hours": "Mo-Sa 11:00-20:00"
      },
      "geometry": {
        "type": "Point",
        "coordinates": [
          18.4147541,
          43.8565409
        ]
      },
      "id": "node/2322179281"
    },
    {
      "type": "Feature",
      "properties": {
        "@id": "node/2322200972",
        "addr:postcode": "71000",
        "addr:street": "Obala Kulina bana",
        "amenity": "bar",
        "contact:phone": "+387 61132117",
        "description": "Caffe-a Marquee",
        "name": "Marquee"
      },
      "geometry": {
        "type": "Point",
        "coordinates": [
          18.4179673,
          43.8566352
        ]
      },
      "id": "node/2322200972"
    },
    {
      "type": "Feature",
      "properties": {
        "@id": "node/2322203985",
        "amenity": "fast_food"
      },
      "geometry": {
        "type": "Point",
        "coordinates": [
          18.420899,
          43.8575519
        ]
      },
      "id": "node/2322203985"
    },
    {
      "type": "Feature",
      "properties": {
        "@id": "node/2322209702",
        "addr:housenumber": "2",
        "addr:postcode": "71000",
        "addr:street": "Dalmatinska ulica",
        "amenity": "bar",
        "contact:instagram": "blindtigersarajevo",
        "cuisine": "burger",
        "description": "Burger & Cocktail bar",
        "name": "Blind Tiger",
        "opening_hours": "Mo-Fr 10:00-13:00, 14:00-00:30; Su 10:00-00:00; Sa 10:00-00:30",
        "phone": "+387 33 849-522"
      },
      "geometry": {
        "type": "Point",
        "coordinates": [
          18.4204523,
          43.8590445
        ]
      },
      "id": "node/2322209702"
    },
    {
      "type": "Feature",
      "properties": {
        "@id": "node/2322209881",
        "amenity": "fast_food",
        "cuisine": "burger",
        "name": "Pingvin"
      },
      "geometry": {
        "type": "Point",
        "coordinates": [
          18.4217378,
          43.8589609
        ]
      },
      "id": "node/2322209881"
    },
    {
      "type": "Feature",
      "properties": {
        "@id": "node/2322211155",
        "addr:city": "Sarajevo",
        "addr:housenumber": "12",
        "addr:postcode": "71000",
        "addr:street": "Ferhadija",
        "amenity": "pub",
        "check_date": "2025-07-09",
        "description": "Pub & Bar",
        "name": "Gastro Pub Fabrika",
        "opening_hours": "Mo-Fr 10:00-22:00; Sa 11:00-22:00; Su 14:00-22:00",
        "phone": "+38762044664",
        "smoking": "yes",
        "website:menu": "https://qrmenu.podrska.ba/menu/168"
      },
      "geometry": {
        "type": "Point",
        "coordinates": [
          18.4233044,
          43.8582443
        ]
      },
      "id": "node/2322211155"
    },
    {
      "type": "Feature",
      "properties": {
        "@id": "node/2322218281",
        "amenity": "pub",
        "contact:phone": "+387 33 668678",
        "name": "Kino Bosna",
        "old_name": "Kino 1. maj",
        "website": "https://www.facebook.com/kinobosna"
      },
      "geometry": {
        "type": "Point",
        "coordinates": [
          18.4114163,
          43.860195
        ]
      },
      "id": "node/2322218281"
    },
    {
      "type": "Feature",
      "properties": {
        "@id": "node/2322218285",
        "amenity": "fast_food"
      },
      "geometry": {
        "type": "Point",
        "coordinates": [
          18.4151175,
          43.8573503
        ]
      },
      "id": "node/2322218285"
    },
    {
      "type": "Feature",
      "properties": {
        "@id": "node/2322219855",
        "amenity": "fast_food"
      },
      "geometry": {
        "type": "Point",
        "coordinates": [
          18.4137173,
          43.8613517
        ]
      },
      "id": "node/2322219855"
    },
    {
      "type": "Feature",
      "properties": {
        "@id": "node/2322222401",
        "amenity": "cafe"
      },
      "geometry": {
        "type": "Point",
        "coordinates": [
          18.4166774,
          43.8617158
        ]
      },
      "id": "node/2322222401"
    },
    {
      "type": "Feature",
      "properties": {
        "@id": "node/2322230211",
        "amenity": "restaurant"
      },
      "geometry": {
        "type": "Point",
        "coordinates": [
          18.4079251,
          43.8567193
        ]
      },
      "id": "node/2322230211"
    },
    {
      "type": "Feature",
      "properties": {
        "@id": "node/2322230236",
        "amenity": "cafe",
        "name": "Boulevard"
      },
      "geometry": {
        "type": "Point",
        "coordinates": [
          18.4059925,
          43.857038
        ]
      },
      "id": "node/2322230236"
    },
    {
      "type": "Feature",
      "properties": {
        "@id": "node/2322234124",
        "addr:postcode": "71000",
        "addr:street": "Azize Šaćirbegović",
        "amenity": "cafe",
        "name": "Academia del caffe"
      },
      "geometry": {
        "type": "Point",
        "coordinates": [
          18.3795047,
          43.8484151
        ]
      },
      "id": "node/2322234124"
    },
    {
      "type": "Feature",
      "properties": {
        "@id": "node/2322234129",
        "amenity": "fast_food"
      },
      "geometry": {
        "type": "Point",
        "coordinates": [
          18.3857902,
          43.8475226
        ]
      },
      "id": "node/2322234129"
    },
    {
      "type": "Feature",
      "properties": {
        "@id": "node/2322234132",
        "amenity": "restaurant"
      },
      "geometry": {
        "type": "Point",
        "coordinates": [
          18.3870159,
          43.8473543
        ]
      },
      "id": "node/2322234132"
    },
    {
      "type": "Feature",
      "properties": {
        "@id": "node/2322257646",
        "amenity": "cafe"
      },
      "geometry": {
        "type": "Point",
        "coordinates": [
          18.3702065,
          43.8488766
        ]
      },
      "id": "node/2322257646"
    },
    {
      "type": "Feature",
      "properties": {
        "@id": "node/2322257647",
        "amenity": "restaurant"
      },
      "geometry": {
        "type": "Point",
        "coordinates": [
          18.3710461,
          43.8475071
        ]
      },
      "id": "node/2322257647"
    },
    {
      "type": "Feature",
      "properties": {
        "@id": "node/2322257651",
        "amenity": "cafe"
      },
      "geometry": {
        "type": "Point",
        "coordinates": [
          18.3544593,
          43.8436382
        ]
      },
      "id": "node/2322257651"
    },
    {
      "type": "Feature",
      "properties": {
        "@id": "node/2322257660",
        "amenity": "fast_food"
      },
      "geometry": {
        "type": "Point",
        "coordinates": [
          18.3703138,
          43.8481203
        ]
      },
      "id": "node/2322257660"
    },
    {
      "type": "Feature",
      "properties": {
        "@id": "node/2322257668",
        "amenity": "cafe",
        "internet_access": "wlan",
        "name": "Azzuro",
        "outdoor_seating": "yes"
      },
      "geometry": {
        "type": "Point",
        "coordinates": [
          18.3733748,
          43.8486892
        ]
      },
      "id": "node/2322257668"
    },
    {
      "type": "Feature",
      "properties": {
        "@id": "node/2322285472",
        "amenity": "cafe"
      },
      "geometry": {
        "type": "Point",
        "coordinates": [
          18.3497681,
          43.8278584
        ]
      },
      "id": "node/2322285472"
    },
    {
      "type": "Feature",
      "properties": {
        "@id": "node/2322291641",
        "amenity": "cafe",
        "name": "Film"
      },
      "geometry": {
        "type": "Point",
        "coordinates": [
          18.3052085,
          43.8314651
        ]
      },
      "id": "node/2322291641"
    },
    {
      "type": "Feature",
      "properties": {
        "@id": "node/2322291647",
        "amenity": "fast_food"
      },
      "geometry": {
        "type": "Point",
        "coordinates": [
          18.3072175,
          43.8320823
        ]
      },
      "id": "node/2322291647"
    },
    {
      "type": "Feature",
      "properties": {
        "@id": "node/2322291680",
        "amenity": "cafe"
      },
      "geometry": {
        "type": "Point",
        "coordinates": [
          18.3076735,
          43.831678
        ]
      },
      "id": "node/2322291680"
    },
    {
      "type": "Feature",
      "properties": {
        "@id": "node/2322295089",
        "amenity": "cafe"
      },
      "geometry": {
        "type": "Point",
        "coordinates": [
          18.3044227,
          43.8323939
        ]
      },
      "id": "node/2322295089"
    },
    {
      "type": "Feature",
      "properties": {
        "@id": "node/2322295090",
        "amenity": "cafe"
      },
      "geometry": {
        "type": "Point",
        "coordinates": [
          18.3057048,
          43.8320127
        ]
      },
      "id": "node/2322295090"
    },
    {
      "type": "Feature",
      "properties": {
        "@id": "node/2322306311",
        "amenity": "cafe",
        "name": "Srce"
      },
      "geometry": {
        "type": "Point",
        "coordinates": [
          18.3024217,
          43.828853
        ]
      },
      "id": "node/2322306311"
    },
    {
      "type": "Feature",
      "properties": {
        "@id": "node/2333118818",
        "addr:city": "Sarajevo",
        "addr:housenumber": "24",
        "addr:postcode": "71000",
        "addr:street": "Koševo",
        "amenity": "restaurant",
        "cuisine": "regional",
        "name": "Dervoz Buregdžinica",
        "phone": "+387 33 205428"
      },
      "geometry": {
        "type": "Point",
        "coordinates": [
          18.4136574,
          43.8616679
        ]
      },
      "id": "node/2333118818"
    },
    {
      "type": "Feature",
      "properties": {
        "@id": "node/2343693928",
        "amenity": "restaurant",
        "cuisine": "regional",
        "name": "Čevabdžinica Specijal"
      },
      "geometry": {
        "type": "Point",
        "coordinates": [
          18.4286858,
          43.8587705
        ]
      },
      "id": "node/2343693928"
    },
    {
      "type": "Feature",
      "properties": {
        "@id": "node/2343694301",
        "amenity": "restaurant",
        "cuisine": "regional",
        "name": "Buregdžinica Specijal"
      },
      "geometry": {
        "type": "Point",
        "coordinates": [
          18.4285999,
          43.8587551
        ]
      },
      "id": "node/2343694301"
    },
    {
      "type": "Feature",
      "properties": {
        "@id": "node/2343694684",
        "amenity": "restaurant",
        "cuisine": "balkan",
        "name": "Sač",
        "name:hr": "Sac borek",
        "opening_hours": "Mo-Su 08:00-23:00"
      },
      "geometry": {
        "type": "Point",
        "coordinates": [
          18.4312768,
          43.858817
        ]
      },
      "id": "node/2343694684"
    },
    {
      "type": "Feature",
      "properties": {
        "@id": "node/2343695420",
        "amenity": "bar",
        "internet_access": "wlan",
        "internet_access:fee": "no",
        "name": "Dibek"
      },
      "geometry": {
        "type": "Point",
        "coordinates": [
          18.431545,
          43.8595093
        ]
      },
      "id": "node/2343695420"
    },
    {
      "type": "Feature",
      "properties": {
        "@id": "node/2346521101",
        "amenity": "bar"
      },
      "geometry": {
        "type": "Point",
        "coordinates": [
          18.2960555,
          43.8330701
        ]
      },
      "id": "node/2346521101"
    },
    {
      "type": "Feature",
      "properties": {
        "@id": "node/2360811179",
        "amenity": "fast_food"
      },
      "geometry": {
        "type": "Point",
        "coordinates": [
          18.4249355,
          43.8578787
        ]
      },
      "id": "node/2360811179"
    },
    {
      "type": "Feature",
      "properties": {
        "@id": "node/2360811181",
        "amenity": "restaurant"
      },
      "geometry": {
        "type": "Point",
        "coordinates": [
          18.4266065,
          43.8591281
        ]
      },
      "id": "node/2360811181"
    },
    {
      "type": "Feature",
      "properties": {
        "@id": "node/2360831380",
        "amenity": "fast_food"
      },
      "geometry": {
        "type": "Point",
        "coordinates": [
          18.4129714,
          43.8555706
        ]
      },
      "id": "node/2360831380"
    },
    {
      "type": "Feature",
      "properties": {
        "@id": "node/2379851032",
        "amenity": "cafe",
        "name": "Kafana"
      },
      "geometry": {
        "type": "Point",
        "coordinates": [
          18.3550598,
          43.8241076
        ]
      },
      "id": "node/2379851032"
    },
    {
      "type": "Feature",
      "properties": {
        "@id": "node/2380370962",
        "amenity": "cafe",
        "name": "Kafana"
      },
      "geometry": {
        "type": "Point",
        "coordinates": [
          18.3433166,
          43.9026491
        ]
      },
      "id": "node/2380370962"
    },
    {
      "type": "Feature",
      "properties": {
        "@id": "node/2381601799",
        "amenity": "cafe",
        "internet_access": "yes",
        "name": "Maranello"
      },
      "geometry": {
        "type": "Point",
        "coordinates": [
          18.3403969,
          43.901955
        ]
      },
      "id": "node/2381601799"
    },
    {
      "type": "Feature",
      "properties": {
        "@id": "node/2393814663",
        "amenity": "cafe",
        "internet_access": "wlan",
        "name": "Gala"
      },
      "geometry": {
        "type": "Point",
        "coordinates": [
          18.372544,
          43.8511465
        ]
      },
      "id": "node/2393814663"
    },
    {
      "type": "Feature",
      "properties": {
        "@id": "node/2393879034",
        "addr:housenumber": "106",
        "addr:street": "Vrbanjuša",
        "amenity": "restaurant",
        "check_date": "2023-03-26",
        "cuisine": "regional",
        "name": "Kibe",
        "name:sr": "Kibe",
        "opening_hours": "Mo-Sa 10:00-23:00; Su off",
        "wheelchair": "no"
      },
      "geometry": {
        "type": "Point",
        "coordinates": [
          18.4276502,
          43.8715064
        ]
      },
      "id": "node/2393879034"
    },
    {
      "type": "Feature",
      "properties": {
        "@id": "node/2393893526",
        "amenity": "restaurant",
        "cuisine": "regional",
        "name": "Kod Bibana",
        "smoking": "separated"
      },
      "geometry": {
        "type": "Point",
        "coordinates": [
          18.4415909,
          43.8555881
        ]
      },
      "id": "node/2393893526"
    },
    {
      "type": "Feature",
      "properties": {
        "@id": "node/2398520013",
        "addr:city": "Sarajevo",
        "addr:housenumber": "195",
        "addr:postcode": "71000",
        "addr:street": "Dobroševićka",
        "amenity": "restaurant",
        "capacity": "200",
        "cuisine": "regional",
        "delivery": "no",
        "name": "Kameleon",
        "takeaway": "no"
      },
      "geometry": {
        "type": "Point",
        "coordinates": [
          18.2917701,
          43.8770816
        ]
      },
      "id": "node/2398520013"
    },
    {
      "type": "Feature",
      "properties": {
        "@id": "node/2410428594",
        "addr:city": "Vogošća",
        "addr:housenumber": "31",
        "addr:postcode": "71320",
        "addr:street": "Igmanska",
        "amenity": "restaurant",
        "name": "Restoran \"Cardak\"",
        "opening_hours": "Mo-Su 07:00-23:00",
        "phone": "+387 33 921 349"
      },
      "geometry": {
        "type": "Point",
        "coordinates": [
          18.3585778,
          43.8989925
        ]
      },
      "id": "node/2410428594"
    },
    {
      "type": "Feature",
      "properties": {
        "@id": "node/2421002176",
        "amenity": "cafe"
      },
      "geometry": {
        "type": "Point",
        "coordinates": [
          18.3977993,
          43.8589027
        ]
      },
      "id": "node/2421002176"
    },
    {
      "type": "Feature",
      "properties": {
        "@id": "node/2421002178",
        "addr:city": "Sarajevo",
        "addr:housenumber": "8",
        "addr:street": "Put života",
        "amenity": "cafe",
        "brand": "Coffee Time",
        "brand:wikidata": "Q5140932",
        "brand:wikipedia": "en:Coffee Time",
        "cuisine": "coffee_shop",
        "internet_access": "yes",
        "name": "Coffee Time",
        "takeaway": "yes"
      },
      "geometry": {
        "type": "Point",
        "coordinates": [
          18.3967284,
          43.8588606
        ]
      },
      "id": "node/2421002178"
    },
    {
      "type": "Feature",
      "properties": {
        "@id": "node/2430646337",
        "amenity": "restaurant",
        "name": "Blažuj"
      },
      "geometry": {
        "type": "Point",
        "coordinates": [
          18.2539897,
          43.8429152
        ]
      },
      "id": "node/2430646337"
    },
    {
      "type": "Feature",
      "properties": {
        "@id": "node/2430646338",
        "amenity": "restaurant",
        "opening_hours": "permanently closed"
      },
      "geometry": {
        "type": "Point",
        "coordinates": [
          18.2593402,
          43.8399877
        ]
      },
      "id": "node/2430646338"
    },
    {
      "type": "Feature",
      "properties": {
        "@id": "node/2496733533",
        "amenity": "cafe",
        "name": "Bosanska Kafa"
      },
      "geometry": {
        "type": "Point",
        "coordinates": [
          18.4319118,
          43.8596678
        ]
      },
      "id": "node/2496733533"
    },
    {
      "type": "Feature",
      "properties": {
        "@id": "node/2496733534",
        "amenity": "restaurant",
        "name": "Avlija"
      },
      "geometry": {
        "type": "Point",
        "coordinates": [
          18.4158139,
          43.8635785
        ]
      },
      "id": "node/2496733534"
    },
    {
      "type": "Feature",
      "properties": {
        "@id": "node/2521554409",
        "addr:city": "Sarajevo",
        "addr:place": "Grdonj",
        "addr:postcode": "71000",
        "amenity": "restaurant",
        "cuisine": "regional",
        "name": "Klub Muzej"
      },
      "geometry": {
        "type": "Point",
        "coordinates": [
          18.4313243,
          43.8797356
        ]
      },
      "id": "node/2521554409"
    },
    {
      "type": "Feature",
      "properties": {
        "@id": "node/2523293560",
        "addr:city": "Sarajevo",
        "addr:housenumber": "7c",
        "addr:postcode": "71000",
        "addr:street": "Hamdije Kreševljakovića",
        "amenity": "cafe",
        "internet_access": "wlan",
        "name": "Coffee \"HOUSE\"",
        "phone": "+387 61842139",
        "website": "https://www.facebook.com/coffeehousebih"
      },
      "geometry": {
        "type": "Point",
        "coordinates": [
          18.4174831,
          43.85554
        ]
      },
      "id": "node/2523293560"
    },
    {
      "type": "Feature",
      "properties": {
        "@id": "node/2529430092",
        "amenity": "cafe",
        "name": "Caffe Enzzo"
      },
      "geometry": {
        "type": "Point",
        "coordinates": [
          18.3086811,
          43.8303892
        ]
      },
      "id": "node/2529430092"
    },
    {
      "type": "Feature",
      "properties": {
        "@id": "node/2529430185",
        "amenity": "cafe",
        "name": "Caffe Club Trendy"
      },
      "geometry": {
        "type": "Point",
        "coordinates": [
          18.3084808,
          43.8303783
        ]
      },
      "id": "node/2529430185"
    },
    {
      "type": "Feature",
      "properties": {
        "@id": "node/2529433036",
        "amenity": "cafe",
        "name": "Music Club PREMIUM"
      },
      "geometry": {
        "type": "Point",
        "coordinates": [
          18.309134,
          43.829903
        ]
      },
      "id": "node/2529433036"
    },
    {
      "type": "Feature",
      "properties": {
        "@id": "node/2594300037",
        "addr:postcode": "71000",
        "addr:street": "Zmaja od Bosne",
        "amenity": "restaurant",
        "cuisine": "italian",
        "name": "Peperoncino Caffe Restorantino",
        "opening_hours": "Mo-Su,PH 00:00-00:00"
      },
      "geometry": {
        "type": "Point",
        "coordinates": [
          18.3840825,
          43.8519088
        ]
      },
      "id": "node/2594300037"
    },
    {
      "type": "Feature",
      "properties": {
        "@id": "node/2852814080",
        "addr:city": "Istočno Sarajevo",
        "addr:country": "BA",
        "addr:housenumber": "14",
        "addr:postcode": "71123",
        "addr:street": "Spasovdanska",
        "amenity": "internet_cafe",
        "internet_access": "yes",
        "name": "Agencija \"NETWORK\"",
        "name:sr": "Агенција \"NETWORK\"",
        "name:sr-Latn": "Agencija \"NETWORK\"",
        "phone": "+387 57 344489",
        "website": "http://sajt.eu5.org"
      },
      "geometry": {
        "type": "Point",
        "coordinates": [
          18.3621581,
          43.8201161
        ]
      },
      "id": "node/2852814080"
    },
    {
      "type": "Feature",
      "properties": {
        "@id": "node/2870168951",
        "addr:city": "Sarajevo",
        "addr:postcode": "71000",
        "amenity": "restaurant",
        "name": "Montana",
        "opening_hours": "Mo-Sa 09:00-22:00; Su 12:00-21:00",
        "takeaway": "yes",
        "website": "https://montana.ba"
      },
      "geometry": {
        "type": "Point",
        "coordinates": [
          18.4027748,
          43.8519361
        ]
      },
      "id": "node/2870168951"
    },
    {
      "type": "Feature",
      "properties": {
        "@id": "node/2881307621",
        "amenity": "restaurant",
        "name": "Prvi Šumar",
        "outdoor_seating": "yes"
      },
      "geometry": {
        "type": "Point",
        "coordinates": [
          18.4532936,
          43.8376065
        ]
      },
      "id": "node/2881307621"
    },
    {
      "type": "Feature",
      "properties": {
        "@id": "node/2886467840",
        "amenity": "cafe"
      },
      "geometry": {
        "type": "Point",
        "coordinates": [
          18.3448631,
          43.8429366
        ]
      },
      "id": "node/2886467840"
    },
    {
      "type": "Feature",
      "properties": {
        "@id": "node/2886467841",
        "amenity": "cafe"
      },
      "geometry": {
        "type": "Point",
        "coordinates": [
          18.345049,
          43.8422642
        ]
      },
      "id": "node/2886467841"
    },
    {
      "type": "Feature",
      "properties": {
        "@id": "node/2886467842",
        "amenity": "cafe"
      },
      "geometry": {
        "type": "Point",
        "coordinates": [
          18.345221,
          43.8417159
        ]
      },
      "id": "node/2886467842"
    },
    {
      "type": "Feature",
      "properties": {
        "@id": "node/2887102499",
        "amenity": "restaurant",
        "name": "Dođi ba"
      },
      "geometry": {
        "type": "Point",
        "coordinates": [
          18.344831,
          43.8422736
        ]
      },
      "id": "node/2887102499"
    },
    {
      "type": "Feature",
      "properties": {
        "@id": "node/2888213025",
        "addr:street": "Trg ZAVNOBIH-a",
        "amenity": "cafe",
        "cuisine": "pizza",
        "name": "B-faza"
      },
      "geometry": {
        "type": "Point",
        "coordinates": [
          18.3446848,
          43.8417267
        ]
      },
      "id": "node/2888213025"
    },
    {
      "type": "Feature",
      "properties": {
        "@id": "node/2889361930",
        "addr:city": "Sarajevo",
        "addr:housenumber": "31",
        "addr:postcode": "71000",
        "addr:street": "Dr. Fetaha Bećirbegovića",
        "amenity": "restaurant",
        "capacity": "40",
        "contact:phone": "+387 33 678111",
        "delivery": "yes",
        "name": "La Perla",
        "opening_hours": "Mo-Sa 09:00-22:00",
        "smoking": "yes",
        "website": "https://www.laperla.ba/"
      },
      "geometry": {
        "type": "Point",
        "coordinates": [
          18.367637,
          43.8516164
        ]
      },
      "id": "node/2889361930"
    },
    {
      "type": "Feature",
      "properties": {
        "@id": "node/2889365923",
        "addr:city": "Sarajevo",
        "addr:housenumber": "37a",
        "addr:postcode": "71000",
        "addr:street": "Dr. Fetaha Bećirbegovića",
        "amenity": "restaurant",
        "capacity": "30",
        "name": "HUT - Pizzeria Mineli"
      },
      "geometry": {
        "type": "Point",
        "coordinates": [
          18.3682714,
          43.8518243
        ]
      },
      "id": "node/2889365923"
    },
    {
      "type": "Feature",
      "properties": {
        "@id": "node/2893227109",
        "amenity": "cafe",
        "name": "Fratelo"
      },
      "geometry": {
        "type": "Point",
        "coordinates": [
          18.3548092,
          43.8467065
        ]
      },
      "id": "node/2893227109"
    },
    {
      "type": "Feature",
      "properties": {
        "@id": "node/2895940266",
        "addr:street": "Semira Frašte",
        "amenity": "cafe",
        "name": "BENJO"
      },
      "geometry": {
        "type": "Point",
        "coordinates": [
          18.3438972,
          43.8399813
        ]
      },
      "id": "node/2895940266"
    },
    {
      "type": "Feature",
      "properties": {
        "@id": "node/2895940268",
        "amenity": "cafe",
        "name": "ASPEK"
      },
      "geometry": {
        "type": "Point",
        "coordinates": [
          18.3517669,
          43.8426951
        ]
      },
      "id": "node/2895940268"
    },
    {
      "type": "Feature",
      "properties": {
        "@id": "node/2895940269",
        "amenity": "cafe"
      },
      "geometry": {
        "type": "Point",
        "coordinates": [
          18.3511097,
          43.8430789
        ]
      },
      "id": "node/2895940269"
    },
    {
      "type": "Feature",
      "properties": {
        "@id": "node/2895940270",
        "amenity": "restaurant"
      },
      "geometry": {
        "type": "Point",
        "coordinates": [
          18.3513441,
          43.8426027
        ]
      },
      "id": "node/2895940270"
    },
    {
      "type": "Feature",
      "properties": {
        "@id": "node/2895940271",
        "amenity": "restaurant"
      },
      "geometry": {
        "type": "Point",
        "coordinates": [
          18.3504122,
          43.8427608
        ]
      },
      "id": "node/2895940271"
    },
    {
      "type": "Feature",
      "properties": {
        "@id": "node/2895940272",
        "amenity": "restaurant",
        "name": "Koliba 74"
      },
      "geometry": {
        "type": "Point",
        "coordinates": [
          18.350233,
          43.842688
        ]
      },
      "id": "node/2895940272"
    },
    {
      "type": "Feature",
      "properties": {
        "@id": "node/2902743500",
        "amenity": "restaurant",
        "name": "Sadiković"
      },
      "geometry": {
        "type": "Point",
        "coordinates": [
          18.3501779,
          43.8459171
        ]
      },
      "id": "node/2902743500"
    },
    {
      "type": "Feature",
      "properties": {
        "@id": "node/2905508694",
        "amenity": "cafe",
        "name": "Playkids"
      },
      "geometry": {
        "type": "Point",
        "coordinates": [
          18.3499597,
          43.8457387
        ]
      },
      "id": "node/2905508694"
    },
    {
      "type": "Feature",
      "properties": {
        "@id": "node/2909933085",
        "addr:street": "Trg solidarnosti",
        "amenity": "bar",
        "name": "Kod Naneta"
      },
      "geometry": {
        "type": "Point",
        "coordinates": [
          18.3518186,
          43.8460667
        ]
      },
      "id": "node/2909933085"
    },
    {
      "type": "Feature",
      "properties": {
        "@id": "node/2922315023",
        "amenity": "cafe",
        "internet_access": "wlan",
        "name": "Brazil"
      },
      "geometry": {
        "type": "Point",
        "coordinates": [
          18.3957501,
          43.8510351
        ]
      },
      "id": "node/2922315023"
    },
    {
      "type": "Feature",
      "properties": {
        "@id": "node/2968866536",
        "addr:city": "Sarajevo",
        "addr:housenumber": "54",
        "addr:postcode": "71000",
        "addr:street": "Maršala Tita",
        "amenity": "restaurant",
        "capacity": "65",
        "cuisine": "italian",
        "name": "Nostra Cucina",
        "opening_hours": "09:00-23:00",
        "phone": "+387 33 830 730",
        "smoking": "yes",
        "website": "http://www.trattoria.ba"
      },
      "geometry": {
        "type": "Point",
        "coordinates": [
          18.4209576,
          43.8584804
        ]
      },
      "id": "node/2968866536"
    },
    {
      "type": "Feature",
      "properties": {
        "@id": "node/3015930359",
        "addr:housenumber": "12",
        "addr:street": "Trg međunarodnog prijateljstva",
        "amenity": "cafe",
        "check_date": "2026-02-25",
        "name": "Coppa d'Oro",
        "opening_hours": "Mo-Fr 07:00-23:00; Sa-Su 08:00-23:00"
      },
      "geometry": {
        "type": "Point",
        "coordinates": [
          18.3431155,
          43.8447258
        ]
      },
      "id": "node/3015930359"
    },
    {
      "type": "Feature",
      "properties": {
        "@id": "node/3046227264",
        "addr:city": "Sarajevo",
        "addr:postcode": "71000",
        "addr:street": "Trg solidarnosti",
        "amenity": "restaurant",
        "cuisine": "balkan",
        "name": "Ćevabdžinica Zmaj Alipašino polje",
        "opening_hours": "Mo-Su 07:00-22:00",
        "phone": "033455555",
        "website": "https://www.zmajcevabdzinica.ba/"
      },
      "geometry": {
        "type": "Point",
        "coordinates": [
          18.3504083,
          43.8462843
        ]
      },
      "id": "node/3046227264"
    },
    {
      "type": "Feature",
      "properties": {
        "@id": "node/3053819105",
        "addr:street": "Sime Milutinovića",
        "amenity": "restaurant",
        "name": "Stari točak"
      },
      "geometry": {
        "type": "Point",
        "coordinates": [
          18.4266593,
          43.8580292
        ]
      },
      "id": "node/3053819105"
    },
    {
      "type": "Feature",
      "properties": {
        "@id": "node/3095788358",
        "addr:city": "Sarajevo",
        "addr:housenumber": "22",
        "addr:postcode": "71200",
        "addr:street": "Prvi bataljon Sedrenik",
        "amenity": "restaurant",
        "capacity": "60",
        "contact:email": "info@basca.ba",
        "cuisine": "regional",
        "name": "Bašča kod Ene",
        "opening_hours": "09:00-23:00",
        "phone": "+387 61177791",
        "smoking": "separated",
        "website": "http://www.basca.ba"
      },
      "geometry": {
        "type": "Point",
        "coordinates": [
          18.4369797,
          43.87468
        ]
      },
      "id": "node/3095788358"
    },
    {
      "type": "Feature",
      "properties": {
        "@id": "node/3104651660",
        "amenity": "restaurant",
        "cuisine": "ćevabdžinica_jezero",
        "name": "ćevabdžinica jezero"
      },
      "geometry": {
        "type": "Point",
        "coordinates": [
          18.4123345,
          43.8754198
        ]
      },
      "id": "node/3104651660"
    },
    {
      "type": "Feature",
      "properties": {
        "@id": "node/3104655030",
        "amenity": "cafe",
        "internet_access": "wlan",
        "name": "slastičarna Ideja"
      },
      "geometry": {
        "type": "Point",
        "coordinates": [
          18.4122889,
          43.87524
        ]
      },
      "id": "node/3104655030"
    },
    {
      "type": "Feature",
      "properties": {
        "@id": "node/3105340420",
        "amenity": "restaurant",
        "name": "Hotel Pino"
      },
      "geometry": {
        "type": "Point",
        "coordinates": [
          18.4534814,
          43.8376027
        ]
      },
      "id": "node/3105340420"
    },
    {
      "type": "Feature",
      "properties": {
        "@id": "node/3127720730",
        "addr:city": "Vogošća",
        "addr:postcode": "71320",
        "addr:street": "Muje Šejte",
        "amenity": "restaurant",
        "name": "Fast Food 'Muki'",
        "opening_hours": "Mo-Sa 08:00-21:00",
        "phone": "+387 62 003 336"
      },
      "geometry": {
        "type": "Point",
        "coordinates": [
          18.361103,
          43.8979125
        ]
      },
      "id": "node/3127720730"
    },
    {
      "type": "Feature",
      "properties": {
        "@id": "node/3172181699",
        "amenity": "restaurant",
        "name": "Ašcinica SG"
      },
      "geometry": {
        "type": "Point",
        "coordinates": [
          18.4305465,
          43.860017
        ]
      },
      "id": "node/3172181699"
    },
    {
      "type": "Feature",
      "properties": {
        "@id": "node/3172181700",
        "amenity": "restaurant",
        "name": "Pod Lipom"
      },
      "geometry": {
        "type": "Point",
        "coordinates": [
          18.4304449,
          43.8598527
        ]
      },
      "id": "node/3172181700"
    },
    {
      "type": "Feature",
      "properties": {
        "@id": "node/3172181701",
        "addr:city": "Sarajevo",
        "addr:housenumber": "11",
        "addr:postcode": "71000",
        "addr:street": "Bravadžiluk",
        "amenity": "restaurant",
        "check_date": "2026-04-04",
        "cuisine": "regional",
        "indoor_seating": "yes",
        "name": "Bosna",
        "opening_hours": "Mo-Su 08:00-23:00",
        "outdoor_seating": "yes",
        "payment:cash": "only",
        "phone": "+38733538426"
      },
      "geometry": {
        "type": "Point",
        "coordinates": [
          18.4315648,
          43.8590296
        ]
      },
      "id": "node/3172181701"
    },
    {
      "type": "Feature",
      "properties": {
        "@id": "node/3198796808",
        "addr:city": "Ilidža",
        "addr:housenumber": "37",
        "addr:postcode": "71210",
        "addr:street": "Mala aleja",
        "amenity": "restaurant",
        "capacity": "30",
        "cuisine": "pizza",
        "name": "Pizzeria Bingo",
        "opening_hours": "09:00-22:00",
        "smoking": "separated"
      },
      "geometry": {
        "type": "Point",
        "coordinates": [
          18.3071249,
          43.8298881
        ]
      },
      "id": "node/3198796808"
    },
    {
      "type": "Feature",
      "properties": {
        "@id": "node/3207333800",
        "addr:city": "Sarajevo",
        "addr:housenumber": "1",
        "addr:postcode": "71000",
        "addr:street": "Strossmayerova",
        "amenity": "bar",
        "internet_access": "wlan",
        "name": "Piano Bar & Lounge",
        "website": "https://www.facebook.com/PianoBarAndLounge"
      },
      "geometry": {
        "type": "Point",
        "coordinates": [
          18.4256065,
          43.8584811
        ]
      },
      "id": "node/3207333800"
    },
    {
      "type": "Feature",
      "properties": {
        "@id": "node/3216262118",
        "addr:city": "Sarajevo",
        "addr:postcode": "71000",
        "addr:street": "Kolodvorska",
        "amenity": "restaurant",
        "name": "STUDIO 1"
      },
      "geometry": {
        "type": "Point",
        "coordinates": [
          18.3872628,
          43.8563768
        ]
      },
      "id": "node/3216262118"
    },
    {
      "type": "Feature",
      "properties": {
        "@id": "node/3237779899",
        "addr:city": "Sarajevo",
        "addr:country": "BA",
        "addr:postcode": "71000",
        "addr:street": "Zmaja od Bosne",
        "alt_name": "Restaurant Pasha",
        "amenity": "restaurant",
        "cuisine": "barbecue;burger;cake;chicken;coffee_shop;dessert;donut;fried_food;ice_cream;pancake;pasta;pizza;sandwich",
        "description": "Restaurant Caffe Pizzeria",
        "name": "Pasha",
        "opening_hours": "Mo-Su 09:00-22:00",
        "phone": "+387 33 663377",
        "smoking": "separated",
        "source": "Owner",
        "wheelchair": "yes"
      },
      "geometry": {
        "type": "Point",
        "coordinates": [
          18.3841207,
          43.8521421
        ]
      },
      "id": "node/3237779899"
    },
    {
      "type": "Feature",
      "properties": {
        "@id": "node/3296379461",
        "addr:street": "Grbavička",
        "amenity": "cafe",
        "internet_access": "wlan",
        "name": "Venecia",
        "smoking": "yes",
        "wheelchair": "yes"
      },
      "geometry": {
        "type": "Point",
        "coordinates": [
          18.3960751,
          43.8502317
        ]
      },
      "id": "node/3296379461"
    },
    {
      "type": "Feature",
      "properties": {
        "@id": "node/3320385090",
        "addr:city": "Istočno Sarajevo",
        "addr:postcode": "71123",
        "addr:street": "Vojvode Radomira Putnika",
        "amenity": "cafe",
        "cuisine": "regional",
        "internet_access": "wlan",
        "name": "My name is Luka",
        "name:sr": "Мај наме ис Лука",
        "name:sr-Latn": "My name is Luka",
        "opening_hours": "08:00-24:00",
        "smoking": "yes"
      },
      "geometry": {
        "type": "Point",
        "coordinates": [
          18.371883,
          43.8289639
        ]
      },
      "id": "node/3320385090"
    },
    {
      "type": "Feature",
      "properties": {
        "@id": "node/3326944692",
        "addr:city": "Sarajevo",
        "addr:housenumber": "21",
        "addr:postcode": "71000",
        "addr:street": "Maršala Tita",
        "amenity": "restaurant",
        "contact:email": "info@metropolis.ba",
        "contact:phone": "+387 33 203315",
        "name": "Metropolis",
        "website": "https://metropolis.ba/"
      },
      "geometry": {
        "type": "Point",
        "coordinates": [
          18.4191526,
          43.8589457
        ]
      },
      "id": "node/3326944692"
    },
    {
      "type": "Feature",
      "properties": {
        "@id": "node/3359821480",
        "addr:city": "Sarajevo",
        "addr:housenumber": "25",
        "addr:postcode": "71000",
        "addr:street": "Hamdije Kreševljakovića",
        "amenity": "cafe",
        "cuisine": "coffee_shop",
        "internet_access": "yes",
        "name": "Svijet Čokolade"
      },
      "geometry": {
        "type": "Point",
        "coordinates": [
          18.4201814,
          43.8557467
        ]
      },
      "id": "node/3359821480"
    },
    {
      "type": "Feature",
      "properties": {
        "@id": "node/3362002168",
        "addr:city": "Sarajevo",
        "addr:housenumber": "6",
        "addr:postcode": "71000",
        "addr:street": "Vitomira Lukića",
        "amenity": "restaurant",
        "capacity": "30",
        "cuisine": "pizza",
        "name": "Pizzeria La Piacere"
      },
      "geometry": {
        "type": "Point",
        "coordinates": [
          18.3240017,
          43.8439515
        ]
      },
      "id": "node/3362002168"
    },
    {
      "type": "Feature",
      "properties": {
        "@id": "node/3367674059",
        "addr:city": "Istočna Ilidža",
        "addr:postcode": "71123",
        "addr:street": "Trg Ilidžanske brigade",
        "amenity": "cafe",
        "internet_access": "wlan",
        "name": "Sport",
        "name:sr": "Спорт",
        "name:sr-Latn": "Sport",
        "smoking": "yes"
      },
      "geometry": {
        "type": "Point",
        "coordinates": [
          18.358579,
          43.8271189
        ]
      },
      "id": "node/3367674059"
    },
    {
      "type": "Feature",
      "properties": {
        "@id": "node/3377229210",
        "addr:city": "Sarajevo",
        "addr:postcode": "71000",
        "addr:street": "Trg heroja",
        "amenity": "cafe",
        "contact:phone": "+387 61533303",
        "cuisine": "coffee_shop",
        "internet_access": "wlan",
        "internet_access:fee": "no",
        "name": "JAZZ Radio Caffe",
        "old_name": "Pasaž",
        "opening_hours": "Mo-Sa 07:00-23:00; Su 07:00-22:00",
        "source": "https://www.facebook.com/pages/JAZZ-Radio-Caffe/1564014120552524?ref=hl",
        "website": "https://www.facebook.com/Jazz.Sarajevo"
      },
      "geometry": {
        "type": "Point",
        "coordinates": [
          18.3819829,
          43.8490801
        ]
      },
      "id": "node/3377229210"
    },
    {
      "type": "Feature",
      "properties": {
        "@id": "node/3472726787",
        "addr:city": "Sarajevo",
        "addr:housenumber": "24",
        "addr:postcode": "71000",
        "addr:street": "Maršala Tita",
        "amenity": "restaurant",
        "capacity": "20",
        "cuisine": "italian",
        "delivery": "yes",
        "name": "La pasta di mamma",
        "opening_hours": "08:00-22:00",
        "phone": "+387 33 444202",
        "smoking": "yes",
        "takeaway": "yes",
        "wheelchair": "yes"
      },
      "geometry": {
        "type": "Point",
        "coordinates": [
          18.4209522,
          43.8586138
        ]
      },
      "id": "node/3472726787"
    },
    {
      "type": "Feature",
      "properties": {
        "@id": "node/3514061076",
        "amenity": "cafe",
        "cuisine": "coffee_shop",
        "internet_access": "wlan",
        "name": "La Verna",
        "name:sr": "Ла Верна",
        "name:sr-Latn": "La Verna",
        "opening_hours": "08:00-23:00",
        "smoking": "yes"
      },
      "geometry": {
        "type": "Point",
        "coordinates": [
          18.3603241,
          43.8172455
        ]
      },
      "id": "node/3514061076"
    },
    {
      "type": "Feature",
      "properties": {
        "@id": "node/3583200954",
        "amenity": "restaurant",
        "cuisine": "regional",
        "name": "Restoran \"Drašković\"",
        "name:sr": "Ресторан \"Драшковић\"",
        "name:sr-Latn": "Restoran \"Drašković\""
      },
      "geometry": {
        "type": "Point",
        "coordinates": [
          18.3757338,
          43.8236135
        ]
      },
      "id": "node/3583200954"
    },
    {
      "type": "Feature",
      "properties": {
        "@id": "node/3631168631",
        "addr:housenumber": "15",
        "addr:postcode": "71000",
        "addr:street": "Salke Lagumdžije",
        "amenity": "cafe",
        "contact:phone": "+387 33 932931",
        "internet_access": "wlan",
        "name": "Square",
        "opening_hours": "Mo-Sa 07:00-23:00; Su 09:30-23:00",
        "smoking": "no"
      },
      "geometry": {
        "type": "Point",
        "coordinates": [
          18.3451896,
          43.8290939
        ]
      },
      "id": "node/3631168631"
    },
    {
      "type": "Feature",
      "properties": {
        "@id": "node/3631956185",
        "amenity": "cafe",
        "name": "Coco cafe"
      },
      "geometry": {
        "type": "Point",
        "coordinates": [
          18.3452861,
          43.8338834
        ]
      },
      "id": "node/3631956185"
    },
    {
      "type": "Feature",
      "properties": {
        "@id": "node/3676419925",
        "amenity": "restaurant",
        "cuisine": "regional",
        "name": "Kulin Dvor - ljetna bašta",
        "outdoor_seating": "yes",
        "website": "http://kulindvor.com"
      },
      "geometry": {
        "type": "Point",
        "coordinates": [
          18.3190986,
          43.9230496
        ]
      },
      "id": "node/3676419925"
    },
    {
      "type": "Feature",
      "properties": {
        "@id": "node/3676419926",
        "amenity": "restaurant",
        "cuisine": "regional",
        "name": "Kulin Dvor",
        "tourism": "motel",
        "website": "http://kulindvor.com"
      },
      "geometry": {
        "type": "Point",
        "coordinates": [
          18.3187169,
          43.9233331
        ]
      },
      "id": "node/3676419926"
    },
    {
      "type": "Feature",
      "properties": {
        "@id": "node/3713680636",
        "amenity": "restaurant",
        "check_date": "2022-12-14",
        "internet_access": "wlan",
        "internet_access:fee": "customers",
        "name": "\"Kamin\"",
        "name:sr": "\"Камин\"",
        "name:sr-Latn": "\"Kamin\"",
        "payment:mastercard": "yes",
        "payment:visa": "yes",
        "wheelchair": "limited"
      },
      "geometry": {
        "type": "Point",
        "coordinates": [
          18.3544458,
          43.8194503
        ]
      },
      "id": "node/3713680636"
    },
    {
      "type": "Feature",
      "properties": {
        "@id": "node/3762360454",
        "amenity": "cafe",
        "name": "Barometar"
      },
      "geometry": {
        "type": "Point",
        "coordinates": [
          18.4209679,
          43.8575398
        ]
      },
      "id": "node/3762360454"
    },
    {
      "type": "Feature",
      "properties": {
        "@id": "node/3762392247",
        "amenity": "restaurant",
        "name": "INN"
      },
      "geometry": {
        "type": "Point",
        "coordinates": [
          18.3466027,
          43.900186
        ]
      },
      "id": "node/3762392247"
    },
    {
      "type": "Feature",
      "properties": {
        "@id": "node/3762396475",
        "addr:city": "Vogošća",
        "addr:housenumber": "18",
        "addr:postcode": "71320",
        "addr:street": "Jošanička",
        "amenity": "restaurant",
        "contact:phone": "+387 62011141",
        "delivery": "no",
        "name": "Dolcetto",
        "opening_hours": "Mo-Su 07:00-23:00",
        "phone": "+387 62011141",
        "smoking": "separated",
        "website": "https://www.facebook.com/RestoranDolcetto"
      },
      "geometry": {
        "type": "Point",
        "coordinates": [
          18.3457603,
          43.9000942
        ]
      },
      "id": "node/3762396475"
    },
    {
      "type": "Feature",
      "properties": {
        "@id": "node/3784203144",
        "amenity": "cafe",
        "cuisine": "coffee_shop",
        "internet_access": "wlan",
        "name": "Cafe Firma",
        "name:sr": "Кафе Фирма",
        "name:sr-Latn": "Cafe Firma",
        "smoking": "yes"
      },
      "geometry": {
        "type": "Point",
        "coordinates": [
          18.3674167,
          43.8224052
        ]
      },
      "id": "node/3784203144"
    },
    {
      "type": "Feature",
      "properties": {
        "@id": "node/3784216276",
        "amenity": "cafe",
        "cuisine": "coffee_shop",
        "internet_access": "wlan",
        "name": "Contra",
        "name:sr": "Контра",
        "name:sr-Latn": "Contra",
        "smoking": "yes"
      },
      "geometry": {
        "type": "Point",
        "coordinates": [
          18.3673175,
          43.8224458
        ]
      },
      "id": "node/3784216276"
    },
    {
      "type": "Feature",
      "properties": {
        "@id": "node/3832548837",
        "addr:city": "Sarajevo",
        "addr:housenumber": "6",
        "addr:postcode": "71000",
        "addr:street": "Braće Begić",
        "amenity": "restaurant",
        "capacity": "50",
        "cuisine": "international",
        "delivery": "yes",
        "name": "Global Food",
        "phone": "+387 61 274955",
        "smoking": "yes",
        "takeaway": "yes",
        "website": "https://www.facebook.com/Global-food-182754698587721"
      },
      "geometry": {
        "type": "Point",
        "coordinates": [
          18.4063025,
          43.8697803
        ]
      },
      "id": "node/3832548837"
    },
    {
      "type": "Feature",
      "properties": {
        "@id": "node/3862534889",
        "amenity": "cafe",
        "internet_access": "yes",
        "name": "Caffe Paris"
      },
      "geometry": {
        "type": "Point",
        "coordinates": [
          18.3406041,
          43.9019599
        ]
      },
      "id": "node/3862534889"
    },
    {
      "type": "Feature",
      "properties": {
        "@id": "node/3865204460",
        "addr:city": "Sarajevo",
        "addr:housenumber": "48A",
        "addr:postcode": "71000",
        "addr:street": "Paromlinska",
        "amenity": "restaurant",
        "contact:phone": "+387 61 277384",
        "cuisine": "indian",
        "delivery": "yes",
        "name": "Taj Mahal",
        "opening_hours": "Mo-Sa 10:00-23:00; Su 17:00-23:00",
        "smoking": "separated",
        "takeaway": "yes",
        "website": "https://tajmahalsarajevo.com/"
      },
      "geometry": {
        "type": "Point",
        "coordinates": [
          18.3777422,
          43.854024
        ]
      },
      "id": "node/3865204460"
    },
    {
      "type": "Feature",
      "properties": {
        "@id": "node/3953373469",
        "amenity": "restaurant",
        "name": "PD Trebević",
        "name:sr": "ПД Требевић",
        "name:sr-Latn": "PD Trebević"
      },
      "geometry": {
        "type": "Point",
        "coordinates": [
          18.4486176,
          43.8306906
        ]
      },
      "id": "node/3953373469"
    },
    {
      "type": "Feature",
      "properties": {
        "@id": "node/4019761726",
        "amenity": "cafe",
        "name": "Cream Shop"
      },
      "geometry": {
        "type": "Point",
        "coordinates": [
          18.4307593,
          43.8591233
        ]
      },
      "id": "node/4019761726"
    },
    {
      "type": "Feature",
      "properties": {
        "@id": "node/4080977762",
        "addr:city": "Sarajevo",
        "addr:country": "BA",
        "addr:housenumber": "18",
        "addr:postcode": "71000",
        "addr:street": "Kranjčevićeva",
        "amenity": "pub",
        "name": "Red Door Pub",
        "wheelchair": "no"
      },
      "geometry": {
        "type": "Point",
        "coordinates": [
          18.4048154,
          43.8585195
        ]
      },
      "id": "node/4080977762"
    },
    {
      "type": "Feature",
      "properties": {
        "@id": "node/4144066490",
        "amenity": "fast_food",
        "name": "Pikante Food"
      },
      "geometry": {
        "type": "Point",
        "coordinates": [
          18.311406,
          43.8717234
        ]
      },
      "id": "node/4144066490"
    },
    {
      "type": "Feature",
      "properties": {
        "@id": "node/4187103190",
        "addr:housenumber": "54",
        "addr:street": "Maršala Tita",
        "amenity": "restaurant",
        "name": "Vinarija Topic",
        "opening_hours": "Mo-Sa",
        "phone": "+387 33 214810",
        "website": "https://www.facebook.com/vinarijatopic"
      },
      "geometry": {
        "type": "Point",
        "coordinates": [
          18.4207247,
          43.8585231
        ]
      },
      "id": "node/4187103190"
    },
    {
      "type": "Feature",
      "properties": {
        "@id": "node/4198907822",
        "addr:city": "Sarajevo",
        "addr:housenumber": "1",
        "addr:postcode": "71000",
        "addr:street": "IV Viteške brigade",
        "amenity": "restaurant",
        "amenity_1": "bar",
        "internet_access": "wlan",
        "name": "Hotel Imzit",
        "phone": "+387 33 636980",
        "smoking": "separated",
        "tourism": "hotel",
        "website": "http://hoteliimzit.ba"
      },
      "geometry": {
        "type": "Point",
        "coordinates": [
          18.2958553,
          43.8296566
        ]
      },
      "id": "node/4198907822"
    },
    {
      "type": "Feature",
      "properties": {
        "@id": "node/4206744903",
        "amenity": "cafe",
        "name": "Caffe LoLeMi"
      },
      "geometry": {
        "type": "Point",
        "coordinates": [
          18.3863947,
          43.8482019
        ]
      },
      "id": "node/4206744903"
    },
    {
      "type": "Feature",
      "properties": {
        "@id": "node/4206840695",
        "amenity": "cafe",
        "name": "Caffe Kiss"
      },
      "geometry": {
        "type": "Point",
        "coordinates": [
          18.3745509,
          43.8512699
        ]
      },
      "id": "node/4206840695"
    },
    {
      "type": "Feature",
      "properties": {
        "@id": "node/4218896689",
        "amenity": "fast_food",
        "cuisine": "local",
        "name": "Efes"
      },
      "geometry": {
        "type": "Point",
        "coordinates": [
          18.4024773,
          43.8517968
        ]
      },
      "id": "node/4218896689"
    },
    {
      "type": "Feature",
      "properties": {
        "@id": "node/4221662399",
        "addr:street": "Zvornička",
        "amenity": "bar",
        "name": "Macchiato"
      },
      "geometry": {
        "type": "Point",
        "coordinates": [
          18.3864222,
          43.8477023
        ]
      },
      "id": "node/4221662399"
    },
    {
      "type": "Feature",
      "properties": {
        "@id": "node/4233092191",
        "amenity": "restaurant",
        "name": "Zara iz Duvara"
      },
      "geometry": {
        "type": "Point",
        "coordinates": [
          18.4238075,
          43.8598451
        ]
      },
      "id": "node/4233092191"
    },
    {
      "type": "Feature",
      "properties": {
        "@id": "node/4238990996",
        "addr:housenumber": "61",
        "addr:street": "Gazi Husrevbegova",
        "amenity": "cafe",
        "name": "Torte i To"
      },
      "geometry": {
        "type": "Point",
        "coordinates": [
          18.4282114,
          43.8595887
        ]
      },
      "id": "node/4238990996"
    },
    {
      "type": "Feature",
      "properties": {
        "@id": "node/4250033189",
        "amenity": "cafe",
        "internet_access": "wlan",
        "level": "5",
        "name": "Torte i To",
        "phone": "+387 63794134",
        "website": "https://torte-i-to.ba/"
      },
      "geometry": {
        "type": "Point",
        "coordinates": [
          18.416476,
          43.8580769
        ]
      },
      "id": "node/4250033189"
    },
    {
      "type": "Feature",
      "properties": {
        "@id": "node/4284468659",
        "amenity": "fast_food",
        "name": "Buregdžinica MM"
      },
      "geometry": {
        "type": "Point",
        "coordinates": [
          18.3789128,
          43.8526433
        ]
      },
      "id": "node/4284468659"
    },
    {
      "type": "Feature",
      "properties": {
        "@id": "node/4285066936",
        "amenity": "cafe",
        "name": "Cafe Milano"
      },
      "geometry": {
        "type": "Point",
        "coordinates": [
          18.2074446,
          43.8205515
        ]
      },
      "id": "node/4285066936"
    },
    {
      "type": "Feature",
      "properties": {
        "@id": "node/4302208490",
        "amenity": "restaurant",
        "name": "Aščinica ASDŽ",
        "opening_hours": "Mo-Su 08:00-19:00"
      },
      "geometry": {
        "type": "Point",
        "coordinates": [
          18.4284373,
          43.8585717
        ]
      },
      "id": "node/4302208490"
    },
    {
      "type": "Feature",
      "properties": {
        "@id": "node/4305198205",
        "addr:housenumber": "10",
        "addr:street": "Kaptol",
        "amenity": "restaurant",
        "contact:facebook": "restaurant.cakumpakum",
        "contact:instagram": "restaurant.cakumpakum",
        "name": "Cakum Pakum",
        "opening_hours": "Mo-Sa 08:00-23:00",
        "phone": "00 387 619 553 10"
      },
      "geometry": {
        "type": "Point",
        "coordinates": [
          18.4219445,
          43.8596359
        ]
      },
      "id": "node/4305198205"
    },
    {
      "type": "Feature",
      "properties": {
        "@id": "node/4306153803",
        "addr:city": "Sarajevo",
        "addr:housenumber": "8f",
        "addr:postcode": "71000",
        "addr:street": "Envera Šehovića",
        "amenity": "cafe",
        "internet_access": "wlan",
        "name": "Caffe \"Biblioteka\"",
        "opening_hours": "Mo-Su 07:00-23:00",
        "phone": "+387 33 656-565",
        "website": "https://www.facebook.com/Caffe-Biblioteka-107418046607892/"
      },
      "geometry": {
        "type": "Point",
        "coordinates": [
          18.3825555,
          43.8536147
        ]
      },
      "id": "node/4306153803"
    },
    {
      "type": "Feature",
      "properties": {
        "@id": "node/4350766604",
        "amenity": "cafe",
        "name": "Caffe Bar Havana"
      },
      "geometry": {
        "type": "Point",
        "coordinates": [
          18.4298825,
          43.8585546
        ]
      },
      "id": "node/4350766604"
    },
    {
      "type": "Feature",
      "properties": {
        "@id": "node/4358019514",
        "addr:city": "Sarajevo",
        "addr:country": "BA",
        "addr:street": "Aleja Bosne Srebrene",
        "amenity": "restaurant",
        "internet_access": "wlan",
        "name": "Restoran Reuff",
        "opening_hours": "Mo-Su 08:00-23:00",
        "operator": "bosnia1",
        "phone": "+387 61570450"
      },
      "geometry": {
        "type": "Point",
        "coordinates": [
          18.3381307,
          43.8415756
        ]
      },
      "id": "node/4358019514"
    },
    {
      "type": "Feature",
      "properties": {
        "@id": "node/4358104989",
        "addr:city": "Sarajevo",
        "addr:country": "BA",
        "addr:housenumber": "bb",
        "addr:street": "Rakovička cesta",
        "amenity": "restaurant",
        "contact:email": "info@restorantriprice.com",
        "contact:website": "https://restorantriprice.com",
        "cuisine": "arab",
        "internet_access": "wlan",
        "name": "Restoran Tri priče",
        "name:ar": "مطعم ثلاث فصص",
        "phone": "+387 61309158"
      },
      "geometry": {
        "type": "Point",
        "coordinates": [
          18.2089133,
          43.867985
        ]
      },
      "id": "node/4358104989"
    },
    {
      "type": "Feature",
      "properties": {
        "@id": "node/4358246418",
        "amenity": "restaurant"
      },
      "geometry": {
        "type": "Point",
        "coordinates": [
          18.3223671,
          43.8230056
        ]
      },
      "id": "node/4358246418"
    },
    {
      "type": "Feature",
      "properties": {
        "@id": "node/4358246610",
        "amenity": "pub"
      },
      "geometry": {
        "type": "Point",
        "coordinates": [
          18.4406004,
          43.8622488
        ]
      },
      "id": "node/4358246610"
    },
    {
      "type": "Feature",
      "properties": {
        "@id": "node/4359836900",
        "addr:housenumber": "17",
        "addr:street": "Mula Mustafe Bašeskije",
        "amenity": "fast_food",
        "name": "aGo Sandwich & Pizza",
        "opening_hours": "Mo-Sa 08:00-23:00"
      },
      "geometry": {
        "type": "Point",
        "coordinates": [
          18.4244204,
          43.8595503
        ]
      },
      "id": "node/4359836900"
    },
    {
      "type": "Feature",
      "properties": {
        "@id": "node/4367415990",
        "addr:city": "Sarajevo",
        "addr:country": "BA",
        "addr:housenumber": "114",
        "addr:postcode": "71000",
        "addr:street": "Džemala Bijedića",
        "amenity": "fast_food",
        "name": "Baltazar",
        "name:de": "Baltazar",
        "name:hr": "Baltazar",
        "name:sr": "Балтазар",
        "opening_hours": "Mo-Su 07:30-22:30",
        "phone": "+387 62907909"
      },
      "geometry": {
        "type": "Point",
        "coordinates": [
          18.3654104,
          43.8509617
        ]
      },
      "id": "node/4367415990"
    },
    {
      "type": "Feature",
      "properties": {
        "@id": "node/4383029890",
        "addr:housenumber": "1",
        "addr:postcode": "71000",
        "addr:street": "Sarači",
        "amenity": "cafe",
        "internet_access": "wlan",
        "name": "Ramis",
        "name:hr": "Ramis",
        "opening_hours": "Mo-Su 09:00-22:00"
      },
      "geometry": {
        "type": "Point",
        "coordinates": [
          18.4281988,
          43.8593773
        ]
      },
      "id": "node/4383029890"
    },
    {
      "type": "Feature",
      "properties": {
        "@id": "node/4383171290",
        "amenity": "cafe",
        "name": "Demirović",
        "name:hr": "Demirović"
      },
      "geometry": {
        "type": "Point",
        "coordinates": [
          18.4281003,
          43.8593637
        ]
      },
      "id": "node/4383171290"
    },
    {
      "type": "Feature",
      "properties": {
        "@id": "node/4383173289",
        "amenity": "cafe",
        "internet_access": "wlan",
        "name": "Slatko Ćoše",
        "name:hr": "Slatko Ćoše"
      },
      "geometry": {
        "type": "Point",
        "coordinates": [
          18.4281968,
          43.8592952
        ]
      },
      "id": "node/4383173289"
    },
    {
      "type": "Feature",
      "properties": {
        "@id": "node/4383672272",
        "amenity": "fast_food",
        "cuisine": "chicken",
        "fixme": "closed down?",
        "name": "U2 Pizza Chicken",
        "opening_hours": "Mo-Su 08:00-23:00"
      },
      "geometry": {
        "type": "Point",
        "coordinates": [
          18.4210736,
          43.857545
        ]
      },
      "id": "node/4383672272"
    },
    {
      "type": "Feature",
      "properties": {
        "@id": "node/4384207691",
        "amenity": "restaurant",
        "name": "Konyali",
        "name:hr": "Konyali"
      },
      "geometry": {
        "type": "Point",
        "coordinates": [
          18.4304561,
          43.8582887
        ]
      },
      "id": "node/4384207691"
    },
    {
      "type": "Feature",
      "properties": {
        "@id": "node/4384900791",
        "addr:street": "Strossmayerova",
        "amenity": "bar",
        "cuisine": "italian_pizza",
        "internet_access": "wlan",
        "name:en": "The Famous Grouse"
      },
      "geometry": {
        "type": "Point",
        "coordinates": [
          18.4257139,
          43.8587328
        ]
      },
      "id": "node/4384900791"
    },
    {
      "type": "Feature",
      "properties": {
        "@id": "node/4384901589",
        "addr:street": "Strossmayerova",
        "amenity": "cafe",
        "name:en": "Radio"
      },
      "geometry": {
        "type": "Point",
        "coordinates": [
          18.4257749,
          43.8585233
        ]
      },
      "id": "node/4384901589"
    },
    {
      "type": "Feature",
      "properties": {
        "@id": "node/4385011992",
        "amenity": "cafe",
        "internet_access": "wlan",
        "internet_access:fee": "no",
        "name": "Manolo",
        "outdoor_seating": "yes",
        "wheelchair": "limited"
      },
      "geometry": {
        "type": "Point",
        "coordinates": [
          18.4192153,
          43.8589428
        ]
      },
      "id": "node/4385011992"
    },
    {
      "type": "Feature",
      "properties": {
        "@id": "node/4390051891",
        "addr:street": "Gabelina",
        "amenity": "bar",
        "name": "SOS",
        "name:hr": "SOS"
      },
      "geometry": {
        "type": "Point",
        "coordinates": [
          18.4149596,
          43.8636328
        ]
      },
      "id": "node/4390051891"
    },
    {
      "type": "Feature",
      "properties": {
        "@id": "node/4390070689",
        "amenity": "restaurant",
        "internet_access": "wlan",
        "name": "Restoran Stadion",
        "name:hr": "Kod Masnog",
        "opening_hours": "Mo-Su 07:00-23:00",
        "phone": "+387 61 215 503"
      },
      "geometry": {
        "type": "Point",
        "coordinates": [
          18.4106535,
          43.8727334
        ]
      },
      "id": "node/4390070689"
    },
    {
      "type": "Feature",
      "properties": {
        "@id": "node/4418893671",
        "addr:city": "Sarajevo",
        "addr:housenumber": "30",
        "addr:postcode": "71000",
        "addr:street": "Branilaca Sarajeva",
        "amenity": "restaurant",
        "cuisine": "regional;bosnian_dishes",
        "name": "Preporod",
        "phone": "033849999"
      },
      "geometry": {
        "type": "Point",
        "coordinates": [
          18.4224849,
          43.8576097
        ]
      },
      "id": "node/4418893671"
    },
    {
      "type": "Feature",
      "properties": {
        "@id": "node/4424350193",
        "amenity": "cafe",
        "name": "Caffe bar",
        "name:hr": "Caffe bar"
      },
      "geometry": {
        "type": "Point",
        "coordinates": [
          18.3501411,
          43.8247122
        ]
      },
      "id": "node/4424350193"
    },
    {
      "type": "Feature",
      "properties": {
        "@id": "node/4424352890",
        "amenity": "cafe",
        "name": "Caffe bar \"Džan\"",
        "name:hr": "Caffe bar \"Džan\""
      },
      "geometry": {
        "type": "Point",
        "coordinates": [
          18.3482188,
          43.8264404
        ]
      },
      "id": "node/4424352890"
    },
    {
      "type": "Feature",
      "properties": {
        "@id": "node/4424355490",
        "addr:housenumber": "1",
        "addr:street": "Hrasnička cesta",
        "amenity": "restaurant",
        "cuisine": "turkish",
        "internet_access": "wlan",
        "name": "Turkuazz cafe",
        "opening_hours": "Mo-Su 10:00-23:00",
        "phone": "+387 33 62828"
      },
      "geometry": {
        "type": "Point",
        "coordinates": [
          18.3047397,
          43.8291637
        ]
      },
      "id": "node/4424355490"
    },
    {
      "type": "Feature",
      "properties": {
        "@id": "node/4424692190",
        "addr:city": "Vogošća",
        "addr:housenumber": "32",
        "addr:postcode": "71320",
        "addr:street": "Igmanska",
        "amenity": "restaurant",
        "name": "Restoran \"Bosanska avlija\"",
        "opening_hours": "Mo-Sa 07:00-23:00;Su 07:00-21:00",
        "phone": "+387 62654340",
        "website": "https://www.facebook.com/Restoran-Bosanska-Avlija--683443888451075"
      },
      "geometry": {
        "type": "Point",
        "coordinates": [
          18.3594671,
          43.8989266
        ]
      },
      "id": "node/4424692190"
    },
    {
      "type": "Feature",
      "properties": {
        "@id": "node/4428207523",
        "addr:city": "Sarajevo",
        "addr:housenumber": "38d",
        "addr:postcode": "71000",
        "addr:street": "Maršala Tita",
        "amenity": "bar",
        "name": "Balkan Ekspres",
        "name:hr": "Balkan Express",
        "opening_hours": "Mo-Su 09:00-23:30",
        "smoking": "yes"
      },
      "geometry": {
        "type": "Point",
        "coordinates": [
          18.4183371,
          43.8585553
        ]
      },
      "id": "node/4428207523"
    },
    {
      "type": "Feature",
      "properties": {
        "@id": "node/4439384493",
        "addr:housenumber": "31",
        "addr:postcode": "71000",
        "addr:street": "Branilaca Sarajeva",
        "amenity": "bar",
        "fixme": "closed down?",
        "name": "Pink Houdini"
      },
      "geometry": {
        "type": "Point",
        "coordinates": [
          18.4215112,
          43.8576419
        ]
      },
      "id": "node/4439384493"
    },
    {
      "type": "Feature",
      "properties": {
        "@id": "node/4447843218",
        "addr:city": "Sarajevo",
        "addr:housenumber": "53h",
        "addr:postcode": "71000",
        "addr:street": "Paromlinska",
        "amenity": "cafe",
        "breakfast": "yes",
        "contact:email": "mrvicasarajevo@gmail.com",
        "contact:facebook": "https://www.facebook.com/mrvicacafe",
        "contact:phone": "+387 62887777",
        "contact:website": "https://www.facebook.com/mrvicacafe",
        "cuisine": "coffee_shop;sandwich;bagel;cake;pastry",
        "ice_cream": "yes",
        "name": "Mrvica",
        "opening_hours": "Mo-Su 6:30-22:00",
        "outdoor_seating": "yes",
        "smoking": "separated"
      },
      "geometry": {
        "type": "Point",
        "coordinates": [
          18.371781,
          43.8534988
        ]
      },
      "id": "node/4447843218"
    },
    {
      "type": "Feature",
      "properties": {
        "@id": "node/4451963902",
        "addr:city": "Sarajevo",
        "addr:housenumber": "2",
        "addr:postcode": "71000",
        "addr:street": "Đulagina čikma",
        "amenity": "restaurant",
        "check_date": "2026-08-12",
        "check_date:opening_hours": "2026-08-12",
        "contact:instagram": "https://www.instagram.com/explore/locations/1529247597378227/falafel-restoran/",
        "cuisine": "arab;middle_eastern",
        "diet:vegetarian": "yes",
        "internet_access": "yes",
        "name": "Falafel",
        "opening_hours": "Mo-Sa 09:00-22:00",
        "outdoor_seating": "yes",
        "payment:cash": "yes",
        "payment:mastercard": "yes",
        "payment:visa": "yes",
        "phone": "+38733233200",
        "takeaway": "yes",
        "website": "https://falafel.ba/",
        "website:menu": "https://falafel.ba/menu/",
        "wheelchair": "no"
      },
      "geometry": {
        "type": "Point",
        "coordinates": [
          18.4297416,
          43.8595715
        ]
      },
      "id": "node/4451963902"
    },
    {
      "type": "Feature",
      "properties": {
        "@id": "node/4457468892",
        "addr:postcode": "71000",
        "addr:street": "Branilaca Šipa",
        "amenity": "cafe",
        "name": "Đulagin dvor",
        "name:hr": "Đulagin dvor",
        "name:sr": "Ђулагин двор",
        "opening_hours": "Mo-Su 07:00-23:00"
      },
      "geometry": {
        "type": "Point",
        "coordinates": [
          18.3991154,
          43.88042
        ]
      },
      "id": "node/4457468892"
    },
    {
      "type": "Feature",
      "properties": {
        "@id": "node/4462567690",
        "addr:street": "Safeta Zajke",
        "amenity": "fast_food",
        "name": "A & M",
        "name:hr": "A & M"
      },
      "geometry": {
        "type": "Point",
        "coordinates": [
          18.3226195,
          43.8573013
        ]
      },
      "id": "node/4462567690"
    },
    {
      "type": "Feature",
      "properties": {
        "@id": "node/4463793090",
        "addr:city": "МЗ Требевић / MZ Trebević",
        "addr:housenumber": "R446",
        "addr:street": "Put Sarajevo Trebević",
        "amenity": "cafe",
        "internet_access": "wlan",
        "name": "NOOVA",
        "name:en": "Noova",
        "smoking": "separated"
      },
      "geometry": {
        "type": "Point",
        "coordinates": [
          18.4148374,
          43.8420052
        ]
      },
      "id": "node/4463793090"
    },
    {
      "type": "Feature",
      "properties": {
        "@id": "node/4463793091",
        "amenity": "restaurant",
        "name:en": "Oxygen"
      },
      "geometry": {
        "type": "Point",
        "coordinates": [
          18.4143144,
          43.8415174
        ]
      },
      "id": "node/4463793091"
    },
    {
      "type": "Feature",
      "properties": {
        "@id": "node/4544749391",
        "addr:city": "Sarajevo",
        "addr:housenumber": "34",
        "addr:postcode": "71000",
        "addr:street": "Paromlinska",
        "amenity": "restaurant",
        "contact:instagram": "https://www.instagram.com/casaelgitano/",
        "cuisine": "coffee_shop;chicken;curry;burger;diner;fish;grill;ice_cream;italian;italian_pizza;pizza;regional;sandwich;seafood;steak_house;tea",
        "facebook": "https://www.facebook.com/RestoranCasaElGitano/",
        "internet_access": "wlan",
        "name": "Restoran Casa El Gitano",
        "name:en": "Casa El Gitano",
        "opening_hours": "Mo-Sa 07:30-23:00; Su 10:00-23:00",
        "phone": "+387 33 950 753",
        "website": "http://www.casaelgitano.ba"
      },
      "geometry": {
        "type": "Point",
        "coordinates": [
          18.3806645,
          43.8548482
        ]
      },
      "id": "node/4544749391"
    },
    {
      "type": "Feature",
      "properties": {
        "@id": "node/4552445249",
        "addr:city": "Sarajevo",
        "addr:housenumber": "33",
        "addr:postcode": "71000",
        "addr:street": "Kranjčevićeva",
        "amenity": "fast_food",
        "cuisine": "sandwich;pizza",
        "delivery": "no",
        "drive_through": "no",
        "name": "Piccollo",
        "opening_hours": "Mo-Sa 08:00-22:00",
        "phone": "+387 61 537 761",
        "smoking": "outside"
      },
      "geometry": {
        "type": "Point",
        "coordinates": [
          18.4031338,
          43.8581671
        ]
      },
      "id": "node/4552445249"
    },
    {
      "type": "Feature",
      "properties": {
        "@id": "node/4565219253",
        "addr:city": "Istočno Sarajevo",
        "addr:street": "Spasovdanska",
        "amenity": "cafe",
        "internet_access": "yes",
        "name": "Izlog",
        "name:sr": "Излог",
        "name:sr-Latn": "Izlog"
      },
      "geometry": {
        "type": "Point",
        "coordinates": [
          18.3638031,
          43.8203333
        ]
      },
      "id": "node/4565219253"
    },
    {
      "type": "Feature",
      "properties": {
        "@id": "node/4567711189",
        "addr:housenumber": "12",
        "addr:postcode": "71000",
        "addr:street": "Prote Bakovića",
        "amenity": "restaurant",
        "email": "info@dveri.co.ba",
        "internet_access": "wlan",
        "name": "Двери",
        "name:bs": "Dveri",
        "name:en": "Dveri",
        "name:hr": "Dveri",
        "name:sr": "Двери",
        "name:sr-Latn": "Dveri",
        "opening_hours": "Mo-Su 09:00-23:00",
        "phone": "+387 33 537-020",
        "reservation": "recommended",
        "website": "http://dveri.co.ba"
      },
      "geometry": {
        "type": "Point",
        "coordinates": [
          18.430423,
          43.8595226
        ]
      },
      "id": "node/4567711189"
    },
    {
      "type": "Feature",
      "properties": {
        "@id": "node/4568636898",
        "addr:city": "Sarajevo",
        "addr:housenumber": "13",
        "addr:postcode": "71000",
        "addr:street": "Marka Marulića",
        "amenity": "bar",
        "description": "not for everyone but very cheap alcohol drinks",
        "name": "Drink at Black Cat",
        "opening_hours": "08:00-00:00",
        "outdoor_seating": "no",
        "smoking": "separated"
      },
      "geometry": {
        "type": "Point",
        "coordinates": [
          18.3824063,
          43.8556953
        ]
      },
      "id": "node/4568636898"
    },
    {
      "type": "Feature",
      "properties": {
        "@id": "node/4571888855",
        "amenity": "restaurant",
        "cuisine": "regional;balkan",
        "internet_access": "wlan",
        "name": "Čevabdžinica Zmaj",
        "outdoor_seating": "yes"
      },
      "geometry": {
        "type": "Point",
        "coordinates": [
          18.3992715,
          43.8590016
        ]
      },
      "id": "node/4571888855"
    },
    {
      "type": "Feature",
      "properties": {
        "@id": "node/4577921995",
        "amenity": "restaurant",
        "name": "Pizza Company",
        "name:hr": "Pizza Company"
      },
      "geometry": {
        "type": "Point",
        "coordinates": [
          18.3452293,
          43.829649
        ]
      },
      "id": "node/4577921995"
    },
    {
      "type": "Feature",
      "properties": {
        "@id": "node/4579359292",
        "addr:city": "Sarajevo",
        "addr:housenumber": "42",
        "addr:postcode": "71000",
        "addr:street": "Džemala Bijedića",
        "air_conditioning": "yes",
        "amenity": "cafe",
        "name": "Hookah bar DEJA VU",
        "name:en": "Deja Vu",
        "name:hr": "Deja Vu",
        "name:sr": "Deja Vu",
        "opening_hours": "Mo-Su 10:00-23:00",
        "outdoor_seating": "yes",
        "website": "https://www.instagram.com/caffebardejavu/"
      },
      "geometry": {
        "type": "Point",
        "coordinates": [
          18.3730216,
          43.8509119
        ]
      },
      "id": "node/4579359292"
    },
    {
      "type": "Feature",
      "properties": {
        "@id": "node/4597120692",
        "addr:street": "Bulevar branilaca Dobrinje",
        "amenity": "restaurant",
        "name": "Pizza Company",
        "name:hr": "Pizza Company"
      },
      "geometry": {
        "type": "Point",
        "coordinates": [
          18.3455309,
          43.8295261
        ]
      },
      "id": "node/4597120692"
    },
    {
      "type": "Feature",
      "properties": {
        "@id": "node/4597120890",
        "addr:housenumber": "15",
        "addr:postcode": "71000",
        "addr:street": "Salke Lagumdžije",
        "amenity": "fast_food",
        "cuisine": "regional;grill",
        "delivery": "yes",
        "name": "Ćevabdžinica Šeha",
        "name:hr": "Ćevabdžinica Šeha",
        "phone": "+387 33 451666"
      },
      "geometry": {
        "type": "Point",
        "coordinates": [
          18.3449783,
          43.829199
        ]
      },
      "id": "node/4597120890"
    },
    {
      "type": "Feature",
      "properties": {
        "@id": "node/4605559289",
        "amenity": "restaurant",
        "name": "Galatarasay",
        "name:hr": "Galatarasay"
      },
      "geometry": {
        "type": "Point",
        "coordinates": [
          18.4282247,
          43.8594489
        ]
      },
      "id": "node/4605559289"
    },
    {
      "type": "Feature",
      "properties": {
        "@id": "node/4642790184",
        "amenity": "cafe",
        "cuisine": "coffee_shop",
        "internet_access": "yes",
        "internet_access:fee": "no",
        "name": "Coffee O Clock",
        "opening_hours": "Mo-Su 07:30-23:00",
        "outdoor_seating": "no",
        "smoking": "isolated"
      },
      "geometry": {
        "type": "Point",
        "coordinates": [
          18.4253414,
          43.8579514
        ]
      },
      "id": "node/4642790184"
    },
    {
      "type": "Feature",
      "properties": {
        "@id": "node/4689152733",
        "amenity": "cafe",
        "cuisine": "pizza",
        "name": "Caffe & Pizzeria HAPPY",
        "opening_hours": "Mo-Su 08:00-23:00",
        "outdoor_seating": "yes",
        "phone": "+38733524888",
        "website": "https://korpa.ba/partner/pizzeria-happy"
      },
      "geometry": {
        "type": "Point",
        "coordinates": [
          18.384131,
          43.8489196
        ]
      },
      "id": "node/4689152733"
    },
    {
      "type": "Feature",
      "properties": {
        "@id": "node/4693952250",
        "addr:city": "Sarajevo",
        "addr:country": "BA",
        "addr:housenumber": "11",
        "addr:postcode": "71000",
        "addr:street": "Envera Šehovića",
        "amenity": "fast_food",
        "cuisine": "pite",
        "drive_through": "no",
        "name": "Melina",
        "outdoor_seating": "no",
        "takeaway": "yes"
      },
      "geometry": {
        "type": "Point",
        "coordinates": [
          18.3819361,
          43.8532783
        ]
      },
      "id": "node/4693952250"
    },
    {
      "type": "Feature",
      "properties": {
        "@id": "node/4743089522",
        "addr:city": "Vogošća",
        "addr:postcode": "71320",
        "addr:street": "Igmanska",
        "amenity": "restaurant",
        "name": "Restoran Oaza-Dino",
        "name:en": "Restaurant Dino",
        "opening_hours": "Mo-Fr 07:00-23:00",
        "phone": "+387 62633199",
        "website": "https://www.facebook.com/Oaza.Dino"
      },
      "geometry": {
        "type": "Point",
        "coordinates": [
          18.3608636,
          43.8979517
        ]
      },
      "id": "node/4743089522"
    },
    {
      "type": "Feature",
      "properties": {
        "@id": "node/4756909121",
        "amenity": "restaurant",
        "cuisine": "pasta;pizza;italian;italian_pizza",
        "diet:vegetarian": "yes",
        "name": "Trattoria Uno"
      },
      "geometry": {
        "type": "Point",
        "coordinates": [
          18.3898702,
          43.8531742
        ]
      },
      "id": "node/4756909121"
    },
    {
      "type": "Feature",
      "properties": {
        "@id": "node/4796996129",
        "addr:housenumber": "8",
        "addr:street": "Obala Maka Dizdara",
        "amenity": "restaurant",
        "cuisine": "fish",
        "name": "Luka Sarajevo",
        "opening_hours": "Mo-Sa 10:00-23:00; Su off",
        "payment:credit_cards": "yes"
      },
      "geometry": {
        "type": "Point",
        "coordinates": [
          18.4186812,
          43.8559205
        ]
      },
      "id": "node/4796996129"
    },
    {
      "type": "Feature",
      "properties": {
        "@id": "node/4796996136",
        "addr:housenumber": "13",
        "addr:street": "Kranjčevićeva",
        "amenity": "cafe",
        "internet_access": "wlan",
        "name": "Sova",
        "opening_hours": "Mo-Su 08:00-23:00",
        "smoking": "yes"
      },
      "geometry": {
        "type": "Point",
        "coordinates": [
          18.4048148,
          43.8578809
        ]
      },
      "id": "node/4796996136"
    },
    {
      "type": "Feature",
      "properties": {
        "@id": "node/4833131019",
        "addr:housenumber": "13",
        "addr:postcode": "71000",
        "addr:street": "Branilaca Sarajeva",
        "amenity": "cafe",
        "name": "Caffe von Habsburg"
      },
      "geometry": {
        "type": "Point",
        "coordinates": [
          18.4198372,
          43.8577982
        ]
      },
      "id": "node/4833131019"
    },
    {
      "type": "Feature",
      "properties": {
        "@id": "node/4840450259",
        "addr:housenumber": "10",
        "addr:street": "Radićeva",
        "air_conditioning": "yes",
        "amenity": "pub",
        "check_date": "2024-07-21",
        "cuisine": "international;burger;pizza;chicken;sandwich;american;kebab;steak_house",
        "internet_access": "wlan",
        "internet_access:fee": "no",
        "level": "0",
        "name": "Gastro Pub Vučko",
        "name:en": "Gastro Pub Vučko",
        "opening_hours": "Mo-Fr 08:00-24:00; Sa 10:00-24:00; PH closed; Su 11:00-24:00",
        "operator": "Elmir Čengić",
        "outdoor_seating": "yes",
        "payment:maestro": "yes",
        "payment:mastercard": "yes",
        "payment:visa": "yes",
        "phone": "+387 33 208-028",
        "smoking": "yes",
        "wheelchair": "limited"
      },
      "geometry": {
        "type": "Point",
        "coordinates": [
          18.4174637,
          43.8585058
        ]
      },
      "id": "node/4840450259"
    },
    {
      "type": "Feature",
      "properties": {
        "@id": "node/4849025191",
        "addr:street": "Grbavička",
        "amenity": "restaurant",
        "name": "Trattoria \"Roma\""
      },
      "geometry": {
        "type": "Point",
        "coordinates": [
          18.4021784,
          43.8524741
        ]
      },
      "id": "node/4849025191"
    },
    {
      "type": "Feature",
      "properties": {
        "@id": "node/4849025192",
        "amenity": "restaurant",
        "name": "Cafe Pizzeria \"Bell\""
      },
      "geometry": {
        "type": "Point",
        "coordinates": [
          18.401533,
          43.8521997
        ]
      },
      "id": "node/4849025192"
    },
    {
      "type": "Feature",
      "properties": {
        "@id": "node/4887821525",
        "amenity": "cafe",
        "name": "Promaha - kod Dragana"
      },
      "geometry": {
        "type": "Point",
        "coordinates": [
          18.4236386,
          43.9344216
        ]
      },
      "id": "node/4887821525"
    },
    {
      "type": "Feature",
      "properties": {
        "@id": "node/4896938921",
        "addr:housenumber": "13",
        "addr:postcode": "71000",
        "addr:street": "Zmaja od Bosne",
        "amenity": "cafe",
        "internet_access": "wlan",
        "name": "Mr & Mrs Cue",
        "name:hr": "Mr & Mrs Cue",
        "opening_hours": "Mo-Su 08:00-00:00"
      },
      "geometry": {
        "type": "Point",
        "coordinates": [
          18.3979914,
          43.8540746
        ]
      },
      "id": "node/4896938921"
    },
    {
      "type": "Feature",
      "properties": {
        "@id": "node/4917706421",
        "amenity": "cafe",
        "name:en": "Baklava Shop",
        "shop": "pastry"
      },
      "geometry": {
        "type": "Point",
        "coordinates": [
          18.4305276,
          43.8589329
        ]
      },
      "id": "node/4917706421"
    },
    {
      "type": "Feature",
      "properties": {
        "@id": "node/4919624221",
        "amenity": "cafe",
        "name:en": "Baklava Shop"
      },
      "geometry": {
        "type": "Point",
        "coordinates": [
          18.4305509,
          43.8590658
        ]
      },
      "id": "node/4919624221"
    },
    {
      "type": "Feature",
      "properties": {
        "@id": "node/4935314126",
        "amenity": "cafe",
        "internet_access": "wlan",
        "name": "Sova caffé bar",
        "name:en": "Sova caffé bar",
        "name:fr": "Sova caffé bar",
        "name:hr": "Sova caffé bar"
      },
      "geometry": {
        "type": "Point",
        "coordinates": [
          18.4297931,
          43.8583287
        ]
      },
      "id": "node/4935314126"
    },
    {
      "type": "Feature",
      "properties": {
        "@id": "node/4966001622",
        "addr:housenumber": "41",
        "addr:street": "Ferhadija",
        "amenity": "cafe",
        "name:en": "Rahatlook",
        "website": "http://www.rahatlook.ba"
      },
      "geometry": {
        "type": "Point",
        "coordinates": [
          18.4278216,
          43.8595275
        ]
      },
      "id": "node/4966001622"
    },
    {
      "type": "Feature",
      "properties": {
        "@id": "node/4978636721",
        "addr:housenumber": "6",
        "addr:postcode": "71000",
        "addr:street": "Kovači",
        "amenity": "cafe",
        "name": "Čajdžinica Džirlo",
        "name:ru": "Чайный дом",
        "name:sr": "Ћајџиница Џирло"
      },
      "geometry": {
        "type": "Point",
        "coordinates": [
          18.432098,
          43.8601786
        ]
      },
      "id": "node/4978636721"
    },
    {
      "type": "Feature",
      "properties": {
        "@id": "node/4989765964",
        "addr:housenumber": "17",
        "addr:street": "Zmaj Jovina",
        "amenity": "restaurant",
        "check_date": "2024-06-16",
        "name": "Al Parco",
        "name:sr": "Ал Парко",
        "name:sr-Latn": "Al Parco",
        "outdoor_seating": "yes",
        "payment:cash": "yes",
        "payment:credit_cards": "yes",
        "payment:debit_cards": "yes",
        "wheelchair": "no"
      },
      "geometry": {
        "type": "Point",
        "coordinates": [
          18.3620767,
          43.8214951
        ]
      },
      "id": "node/4989765964"
    },
    {
      "type": "Feature",
      "properties": {
        "@id": "node/4999332123",
        "addr:housenumber": "8",
        "addr:street": "Đulagina čikma",
        "amenity": "restaurant",
        "contact:email": "info@barhana.ba",
        "contact:phone": "+387 33 447727",
        "contact:website": "http://www.barhana.ba",
        "cuisine": "regional",
        "internet_access": "wlan",
        "name": "Barhana",
        "payment:credit_cards": "no"
      },
      "geometry": {
        "type": "Point",
        "coordinates": [
          18.429735,
          43.8597107
        ]
      },
      "id": "node/4999332123"
    },
    {
      "type": "Feature",
      "properties": {
        "@id": "node/5004687422",
        "addr:city": "Sarajevo",
        "addr:housenumber": "11",
        "addr:street": "Kranjčevićeva",
        "amenity": "restaurant",
        "contact:phone": "+387 61287618",
        "contact:website": "http://bonappetitsarajevo.weebly.com",
        "name:en": "Bon Appetite",
        "opening_hours": "Mo-Sa 12:00-22:00"
      },
      "geometry": {
        "type": "Point",
        "coordinates": [
          18.4050673,
          43.8577602
        ]
      },
      "id": "node/5004687422"
    },
    {
      "type": "Feature",
      "properties": {
        "@id": "node/5029361021",
        "addr:street": "3",
        "amenity": "restaurant",
        "name": "Veranda",
        "name:hr": "Veranda",
        "opening_hours": "Mo-Sa 07:00-23:00; Su 11:00-21:00",
        "payment:credit_cards": "no",
        "payment:debit_cards": "no",
        "phone": "061527657"
      },
      "geometry": {
        "type": "Point",
        "coordinates": [
          18.4254101,
          43.8607738
        ]
      },
      "id": "node/5029361021"
    },
    {
      "type": "Feature",
      "properties": {
        "@id": "node/5046588825",
        "amenity": "fast_food",
        "check_date": "2026-05-05",
        "cuisine": "balkan",
        "name": "Buregdžinica Bosna 2",
        "opening_hours": "Mo-Fr 08:00-19:00; Sa, Su 08:00-16:00"
      },
      "geometry": {
        "type": "Point",
        "coordinates": [
          18.4236928,
          43.858878
        ]
      },
      "id": "node/5046588825"
    },
    {
      "type": "Feature",
      "properties": {
        "@id": "node/5060766534",
        "amenity": "fast_food"
      },
      "geometry": {
        "type": "Point",
        "coordinates": [
          18.3365706,
          43.8261795
        ]
      },
      "id": "node/5060766534"
    },
    {
      "type": "Feature",
      "properties": {
        "@id": "node/5060766538",
        "amenity": "bar",
        "name": "Rule"
      },
      "geometry": {
        "type": "Point",
        "coordinates": [
          18.337291,
          43.8195696
        ]
      },
      "id": "node/5060766538"
    },
    {
      "type": "Feature",
      "properties": {
        "@id": "node/5060766704",
        "amenity": "pub"
      },
      "geometry": {
        "type": "Point",
        "coordinates": [
          18.3522275,
          43.8196798
        ]
      },
      "id": "node/5060766704"
    },
    {
      "type": "Feature",
      "properties": {
        "@id": "node/5068383003",
        "amenity": "bar",
        "level": "35",
        "opening_hours": "Mo-Su 09:00-23:00"
      },
      "geometry": {
        "type": "Point",
        "coordinates": [
          18.4017429,
          43.8607781
        ]
      },
      "id": "node/5068383003"
    },
    {
      "type": "Feature",
      "properties": {
        "@id": "node/5068387244",
        "addr:city": "Sarajevo",
        "addr:housenumber": "1",
        "addr:postcode": "71000",
        "addr:street": "Vrbanja",
        "amenity": "restaurant",
        "cuisine": "japanese",
        "email": "info@kimono.ba",
        "facebook": "https://www.facebook.com/kimono.sarajevo",
        "fax": "+387 33 733165",
        "level": "3",
        "name": "Kimono",
        "opening_hours": "10:00-22:00",
        "phone": "+387 33 733165",
        "website": "http://www.kimono.ba"
      },
      "geometry": {
        "type": "Point",
        "coordinates": [
          18.4071851,
          43.8552874
        ]
      },
      "id": "node/5068387244"
    },
    {
      "type": "Feature",
      "properties": {
        "@id": "node/5073459496",
        "amenity": "cafe",
        "internet_access": "wlan",
        "name": "Cafe Bar Forza"
      },
      "geometry": {
        "type": "Point",
        "coordinates": [
          18.3452562,
          43.8524931
        ]
      },
      "id": "node/5073459496"
    },
    {
      "type": "Feature",
      "properties": {
        "@id": "node/5105517721",
        "WLAN": "yes",
        "addr:city": "Sarajevo",
        "addr:housenumber": "12",
        "addr:postcode": "71000",
        "addr:street": "Ferhadija",
        "amenity": "restaurant",
        "cuisine": "balkan;barbecue",
        "delivery": "yes",
        "indoor_seating": "yes",
        "name": "Ćevabdžinica Nune",
        "name:en": "Cevabdzinica Nune",
        "opening_hours": "Mo-Sa 08:00-21:30; Su off",
        "outdoor_seating": "yes",
        "panoramax": "1c25b87a-3933-4807-9e27-f6f0332e8cb5",
        "payment:credit_cards": "yes",
        "phone": "+38733212946",
        "takeaway": "yes",
        "website": "https://nune.ba/",
        "website:menu": "https://nune.ba/meni/",
        "wheelchair": "yes"
      },
      "geometry": {
        "type": "Point",
        "coordinates": [
          18.4232535,
          43.8584375
        ]
      },
      "id": "node/5105517721"
    },
    {
      "type": "Feature",
      "properties": {
        "@id": "node/5131243121",
        "amenity": "restaurant"
      },
      "geometry": {
        "type": "Point",
        "coordinates": [
          18.4174362,
          43.8609804
        ]
      },
      "id": "node/5131243121"
    },
    {
      "type": "Feature",
      "properties": {
        "@id": "node/5136995540",
        "addr:street": "Baščaršija",
        "amenity": "cafe",
        "cuisine": "regional;turkish;coffee_shop",
        "internet_access": "wlan",
        "name": "Aksaraj"
      },
      "geometry": {
        "type": "Point",
        "coordinates": [
          18.4309396,
          43.859352
        ]
      },
      "id": "node/5136995540"
    },
    {
      "type": "Feature",
      "properties": {
        "@id": "node/5150549047",
        "addr:housenumber": "25",
        "addr:street": "Branilaca Sarajeva",
        "amenity": "cafe",
        "name": "Opera caffe bar"
      },
      "geometry": {
        "type": "Point",
        "coordinates": [
          18.4213096,
          43.8575938
        ]
      },
      "id": "node/5150549047"
    },
    {
      "type": "Feature",
      "properties": {
        "@id": "node/5175877526",
        "addr:city": "Sarajevo",
        "addr:country": "BA",
        "addr:housenumber": "24",
        "addr:postcode": "71000",
        "addr:street": "Trg heroja",
        "amenity": "restaurant",
        "internet_access": "wlan",
        "name": "IChicken",
        "opening_hours": "Mo-Sa 08:00-23:00",
        "phone": "+387 61565658",
        "website": "https://www.ichickensa.com/"
      },
      "geometry": {
        "type": "Point",
        "coordinates": [
          18.3815362,
          43.8495289
        ]
      },
      "id": "node/5175877526"
    },
    {
      "type": "Feature",
      "properties": {
        "@id": "node/5175877527",
        "addr:housenumber": "3",
        "addr:postcode": "71000",
        "addr:street": "Harisa Merzića",
        "amenity": "restaurant",
        "check_date": "2026-05-03",
        "fixme": "Relocated POI from Airport Sarajevo, need correct location from house nuber tag.",
        "internet_access": "wlan",
        "name": "IChicken",
        "opening_hours": "Mo-Sa 08:00-23:00",
        "phone": "+387 61969686",
        "website": "https://www.ichickensa.com/"
      },
      "geometry": {
        "type": "Point",
        "coordinates": [
          18.3079881,
          43.8311892
        ]
      },
      "id": "node/5175877527"
    },
    {
      "type": "Feature",
      "properties": {
        "@id": "node/5183285270",
        "addr:city": "Sarajevo",
        "addr:housenumber": "24",
        "addr:postcode": "71000",
        "addr:street": "Vrazova",
        "amenity": "fast_food",
        "cuisine": "burger",
        "name": "Kućica",
        "opening_hours": "Mo-Fr 08:00-20:00; Sa-Su 09:00-17:00"
      },
      "geometry": {
        "type": "Point",
        "coordinates": [
          18.4115758,
          43.8572459
        ]
      },
      "id": "node/5183285270"
    },
    {
      "type": "Feature",
      "properties": {
        "@id": "node/5183297117",
        "addr:city": "Sarajevo",
        "addr:housenumber": "7",
        "addr:postcode": "71000",
        "addr:street": "Maršala Tita",
        "amenity": "bar",
        "name": "Pivnica Sarajevo"
      },
      "geometry": {
        "type": "Point",
        "coordinates": [
          18.4116318,
          43.8577391
        ]
      },
      "id": "node/5183297117"
    },
    {
      "type": "Feature",
      "properties": {
        "@id": "node/5183316381",
        "addr:city": "Sarajevo",
        "addr:housenumber": "5",
        "addr:postcode": "71000",
        "addr:street": "Kotromanića",
        "amenity": "restaurant",
        "cuisine": "pizza",
        "name": "Piccolo Mondo",
        "opening_hours": "Mo-Su 08:00-23:00",
        "phone": "+387 33 213-903"
      },
      "geometry": {
        "type": "Point",
        "coordinates": [
          18.4099438,
          43.8550817
        ]
      },
      "id": "node/5183316381"
    },
    {
      "type": "Feature",
      "properties": {
        "@id": "node/5183419944",
        "amenity": "restaurant",
        "contact:email": "studio.restauro@gmail.com",
        "contact:phone": "+387 33 206166",
        "contact:website": "http://augustbraun.simplesite.com",
        "name": "Brasserie August Braun",
        "opening_hours": "Mo-Sa 07:00-23:00"
      },
      "geometry": {
        "type": "Point",
        "coordinates": [
          18.4119804,
          43.8564192
        ]
      },
      "id": "node/5183419944"
    },
    {
      "type": "Feature",
      "properties": {
        "@id": "node/5183803683",
        "addr:city": "Sarajevo",
        "addr:housenumber": "3",
        "addr:postcode": "71000",
        "addr:street": "Tešanjska",
        "amenity": "cafe",
        "name": "Caffe Grad"
      },
      "geometry": {
        "type": "Point",
        "coordinates": [
          18.4020977,
          43.8591814
        ]
      },
      "id": "node/5183803683"
    },
    {
      "type": "Feature",
      "properties": {
        "@id": "node/5183837957",
        "addr:city": "Sarajevo",
        "addr:housenumber": "bb",
        "addr:postcode": "71000",
        "addr:street": "Kolodvorska",
        "amenity": "fast_food",
        "name": "Mr. Gurman"
      },
      "geometry": {
        "type": "Point",
        "coordinates": [
          18.3918465,
          43.8550817
        ]
      },
      "id": "node/5183837957"
    },
    {
      "type": "Feature",
      "properties": {
        "@id": "node/5185742050",
        "addr:city": "Istočno Sarajevo",
        "addr:housenumber": "7",
        "addr:postcode": "71123",
        "addr:street": "Hilandarska",
        "amenity": "cafe",
        "cuisine": "cafe;beer",
        "internet_access:fee": "yes",
        "internet_access:ssid": "(((BARSA)))",
        "name": "Caffe bar BarSA",
        "name:sr": "Кафе бар БарСА",
        "name:sr-Latn": "Caffe bar BarSA",
        "opening_hours": "Mo-Su 08:00-23:00",
        "outdoor_seating": "yes",
        "smoking": "separated"
      },
      "geometry": {
        "type": "Point",
        "coordinates": [
          18.3648572,
          43.8198938
        ]
      },
      "id": "node/5185742050"
    },
    {
      "type": "Feature",
      "properties": {
        "@id": "node/5203905647",
        "amenity": "cafe",
        "name": "Rajvosa"
      },
      "geometry": {
        "type": "Point",
        "coordinates": [
          18.4210028,
          43.8582372
        ]
      },
      "id": "node/5203905647"
    },
    {
      "type": "Feature",
      "properties": {
        "@id": "node/5223253222",
        "addr:street": "Bravadžiluk",
        "amenity": "cafe",
        "check_date": "2023-07-29",
        "cuisine": "coffee_shop",
        "name": "Coffee Shop Minasa",
        "outdoor_seating": "yes"
      },
      "geometry": {
        "type": "Point",
        "coordinates": [
          18.4319764,
          43.8590128
        ]
      },
      "id": "node/5223253222"
    },
    {
      "type": "Feature",
      "properties": {
        "@id": "node/5223253223",
        "addr:street": "Bravadžiluk",
        "amenity": "restaurant",
        "check_date": "2023-07-29",
        "cuisine": "balkan;regional",
        "diet:vegetarian": "yes",
        "internet_access": "wlan",
        "internet_access:fee": "customers",
        "internet_access:ssid": "Oklagija-5G",
        "name": "Buregdžinica Oklagija",
        "outdoor_seating": "yes",
        "outdoor_seating:comfort": "weather_protection",
        "takeaway": "yes",
        "wheelchair": "no"
      },
      "geometry": {
        "type": "Point",
        "coordinates": [
          18.4320429,
          43.8590114
        ]
      },
      "id": "node/5223253223"
    },
    {
      "type": "Feature",
      "properties": {
        "@id": "node/5223393141",
        "amenity": "cafe",
        "name": "Dia",
        "opening_hours": "Mo-Su 08:00-23:00"
      },
      "geometry": {
        "type": "Point",
        "coordinates": [
          18.4246386,
          43.8593244
        ]
      },
      "id": "node/5223393141"
    },
    {
      "type": "Feature",
      "properties": {
        "@id": "node/5224999821",
        "addr:city": "Sarajevo",
        "addr:country": "BA",
        "addr:housenumber": "1",
        "addr:postcode": "71000",
        "addr:street": "Latička",
        "amenity": "restaurant",
        "contact:website": "https://www.facebook.com/istanbulcigkoftesarajevo",
        "cuisine": "turkish",
        "name": "İstanbul Çiğköfte",
        "opening_hours": "Mo-Su 17:00-23:30",
        "phone": "+387 644003357"
      },
      "geometry": {
        "type": "Point",
        "coordinates": [
          18.3262423,
          43.8393928
        ]
      },
      "id": "node/5224999821"
    },
    {
      "type": "Feature",
      "properties": {
        "@id": "node/5228716077",
        "amenity": "cafe",
        "name": "Theatre Cafe"
      },
      "geometry": {
        "type": "Point",
        "coordinates": [
          18.4206243,
          43.8591934
        ]
      },
      "id": "node/5228716077"
    },
    {
      "type": "Feature",
      "properties": {
        "@id": "node/5246969911",
        "amenity": "cafe",
        "internet_access": "wlan",
        "name": "Caffe Kamarija",
        "name:hr": "Cafe Kamarija",
        "opening_hours": "Mo-Su 08:00-00:00",
        "phone": "+38762546496",
        "smoking": "outside"
      },
      "geometry": {
        "type": "Point",
        "coordinates": [
          18.4385894,
          43.8609914
        ]
      },
      "id": "node/5246969911"
    },
    {
      "type": "Feature",
      "properties": {
        "@id": "node/5301335915",
        "amenity": "cafe"
      },
      "geometry": {
        "type": "Point",
        "coordinates": [
          18.4203089,
          43.8585135
        ]
      },
      "id": "node/5301335915"
    },
    {
      "type": "Feature",
      "properties": {
        "@id": "node/5301335916",
        "amenity": "fast_food",
        "cuisine": "pizza"
      },
      "geometry": {
        "type": "Point",
        "coordinates": [
          18.4203051,
          43.8584389
        ]
      },
      "id": "node/5301335916"
    },
    {
      "type": "Feature",
      "properties": {
        "@id": "node/5301802391",
        "addr:housenumber": "23",
        "addr:street": "Bravadžiluk",
        "amenity": "restaurant",
        "contact:phone": "+387 62 419347",
        "name": "Konoba Fakat",
        "opening_hours": "Mo-Su 09:00-23:00"
      },
      "geometry": {
        "type": "Point",
        "coordinates": [
          18.4324146,
          43.8591168
        ]
      },
      "id": "node/5301802391"
    },
    {
      "type": "Feature",
      "properties": {
        "@id": "node/5301810844",
        "addr:housenumber": "21",
        "addr:street": "Bravadžiluk",
        "amenity": "restaurant",
        "changing_table": "no",
        "check_date": "2026-04-03",
        "contact:phone": "+387 33 537555",
        "cuisine": "regional;local;bosnian",
        "image:menu": "55f26d63-6951-41b7-88ca-5627f2ca17bc",
        "internet_access": "wlan",
        "internet_access:fee": "customers",
        "level": "0",
        "name": "Ćevabdžinica Ferhatović - Petica",
        "name:sr": "Ćevabdžinica Ferhatović - Petica",
        "opening_hours": "Mo,Su 12:00-21:00; Tu-Sa 08:00-23:00",
        "outdoor_seating": "yes",
        "panoramax": "e46bef28-22f3-4da9-9b5a-18f51eeff8a8",
        "payment:cards": "yes",
        "payment:cash": "yes",
        "payment:maestro": "yes",
        "payment:mastercard": "yes",
        "payment:qr_code": "no",
        "payment:visa": "yes",
        "reservation": "yes",
        "smoking": "no",
        "toilets": "yes",
        "toilets:menstrual_products": "no",
        "toilets:wheelchair": "no",
        "website:menu": "https://bih.cchcjenici.eu/web/price-lists/CEVABDZINICA-PETICA/cljpj9hha008ta14lh5c1bh16?",
        "wheelchair": "no"
      },
      "geometry": {
        "type": "Point",
        "coordinates": [
          18.4321819,
          43.8590269
        ]
      },
      "id": "node/5301810844"
    },
    {
      "type": "Feature",
      "properties": {
        "@id": "node/5301815949",
        "addr:housenumber": "34",
        "addr:street": "Bravadžiluk",
        "air_conditioning": "yes",
        "amenity": "restaurant",
        "check_date": "2025-07-09",
        "contact:phone": "+387 33 532866",
        "cuisine": "balkan;regional",
        "name": "Ćevabdžinica Hodžić",
        "opening_hours": "Mo-Su 07:00-23:00",
        "outdoor_seating": "yes",
        "takeaway": "yes",
        "website": "https://hodzic.ba/",
        "wheelchair": "no"
      },
      "geometry": {
        "type": "Point",
        "coordinates": [
          18.4320237,
          43.8589403
        ]
      },
      "id": "node/5301815949"
    },
    {
      "type": "Feature",
      "properties": {
        "@id": "node/5301820444",
        "amenity": "restaurant",
        "cuisine": "regional",
        "name": "Ćevabdžinica Hodžić 2",
        "opening_hours": "Mo-Fr 08:00-22:00; Sa-Su, PH 08:00-23:00"
      },
      "geometry": {
        "type": "Point",
        "coordinates": [
          18.4308804,
          43.8589611
        ]
      },
      "id": "node/5301820444"
    },
    {
      "type": "Feature",
      "properties": {
        "@id": "node/5303000886",
        "addr:housenumber": "66",
        "addr:street": "Sarači",
        "amenity": "fast_food",
        "dog": "no",
        "internet_access": "wlan",
        "name": "Bujrun Doner",
        "opening_hours": "Mo-Su 09:00-23:00"
      },
      "geometry": {
        "type": "Point",
        "coordinates": [
          18.4306853,
          43.8592899
        ]
      },
      "id": "node/5303000886"
    },
    {
      "type": "Feature",
      "properties": {
        "@id": "node/5305380441",
        "amenity": "cafe"
      },
      "geometry": {
        "type": "Point",
        "coordinates": [
          18.3418674,
          43.8442796
        ]
      },
      "id": "node/5305380441"
    },
    {
      "type": "Feature",
      "properties": {
        "@id": "node/5305431792",
        "addr:housenumber": "18",
        "addr:street": "Kranjčevićeva",
        "amenity": "restaurant",
        "name": "Restoran Mostarlić"
      },
      "geometry": {
        "type": "Point",
        "coordinates": [
          18.4047088,
          43.8585923
        ]
      },
      "id": "node/5305431792"
    },
    {
      "type": "Feature",
      "properties": {
        "@id": "node/5305440087",
        "addr:housenumber": "16",
        "addr:street": "Kranjčevićeva",
        "amenity": "restaurant",
        "contact:phone": "+387 62304347",
        "name": "Mama Cucina",
        "opening_hours": "Mo-Su 09:00-20:00",
        "wheelchair": "no"
      },
      "geometry": {
        "type": "Point",
        "coordinates": [
          18.4049146,
          43.8584515
        ]
      },
      "id": "node/5305440087"
    },
    {
      "type": "Feature",
      "properties": {
        "@id": "node/5305441004",
        "addr:housenumber": "3",
        "addr:street": "Kranjčevićeva",
        "amenity": "cafe",
        "contact:phone": "+387 61153753",
        "name": "Caffe Felicita",
        "opening_hours": "Mo-Fr 07:00-16:00; Sa-Su 12:00-16:00"
      },
      "geometry": {
        "type": "Point",
        "coordinates": [
          18.4087327,
          43.8579274
        ]
      },
      "id": "node/5305441004"
    },
    {
      "type": "Feature",
      "properties": {
        "@id": "node/5306187779",
        "amenity": "cafe",
        "wheelchair": "yes"
      },
      "geometry": {
        "type": "Point",
        "coordinates": [
          18.3917356,
          43.8503726
        ]
      },
      "id": "node/5306187779"
    },
    {
      "type": "Feature",
      "properties": {
        "@id": "node/5306340451",
        "amenity": "cafe",
        "dog": "yes",
        "operator": "Art cinema Kriterion",
        "smoking": "yes",
        "wheelchair": "yes"
      },
      "geometry": {
        "type": "Point",
        "coordinates": [
          18.4149433,
          43.8565962
        ]
      },
      "id": "node/5306340451"
    },
    {
      "type": "Feature",
      "properties": {
        "@id": "node/5310352726",
        "addr:housenumber": "111",
        "addr:street": "Sarači",
        "amenity": "cafe",
        "changing_table": "no",
        "check_date": "2026-04-03",
        "handwashing:soap": "yes",
        "indoor_seating": "yes",
        "internet_access": "wlan",
        "kids_area": "no",
        "name": "Carigrad",
        "opening_hours": "Mo-Su 07:00-23:00",
        "outdoor_seating": "yes",
        "payment:cards": "no",
        "payment:cash": "yes",
        "payment:qr_code": "no",
        "shop": "pastry",
        "toilets": "yes",
        "toilets:access": "customers",
        "toilets:disposal": "flush",
        "toilets:fee": "no",
        "toilets:gender_segregated": "no",
        "toilets:hands_drying": "paper_towel",
        "toilets:handwashing": "yes",
        "toilets:paper_supplied": "no",
        "toilets:position": "seated",
        "toilets:wash": "bidet_spray",
        "toilets:wheelchair": "no",
        "website": "https://qr.master-fb.com/6XDDOGHS?"
      },
      "geometry": {
        "type": "Point",
        "coordinates": [
          18.4307817,
          43.8593535
        ]
      },
      "id": "node/5310352726"
    },
    {
      "type": "Feature",
      "properties": {
        "@id": "node/5310378867",
        "addr:housenumber": "bb",
        "addr:street": "Kundurdžiluk",
        "amenity": "restaurant",
        "cuisine": "regional",
        "internet_access": "wlan",
        "name": "Ćevabdžinica Željo 2",
        "opening_hours": "Mo-Su 08:00-22:00"
      },
      "geometry": {
        "type": "Point",
        "coordinates": [
          18.4301776,
          43.8585975
        ]
      },
      "id": "node/5310378867"
    },
    {
      "type": "Feature",
      "properties": {
        "@id": "node/5313596801",
        "amenity": "cafe",
        "name": "Casa del Caffe"
      },
      "geometry": {
        "type": "Point",
        "coordinates": [
          18.4060492,
          43.8565175
        ]
      },
      "id": "node/5313596801"
    },
    {
      "type": "Feature",
      "properties": {
        "@id": "node/5313596802",
        "amenity": "restaurant",
        "level": "4",
        "name": "Four Seasons",
        "opening_hours": "Mo-Su 08:00-23:00; PH off",
        "pets": "no",
        "smoking": "outside"
      },
      "geometry": {
        "type": "Point",
        "coordinates": [
          18.4063536,
          43.856324
        ]
      },
      "id": "node/5313596802"
    },
    {
      "type": "Feature",
      "properties": {
        "@id": "node/5313596806",
        "addr:housenumber": "2",
        "addr:street": "France Lahara",
        "amenity": "cafe",
        "check_date": "2024-07-23",
        "level": "0",
        "name": "Marcaffe",
        "outdoor_seating": "no"
      },
      "geometry": {
        "type": "Point",
        "coordinates": [
          18.4060492,
          43.8564337
        ]
      },
      "id": "node/5313596806"
    },
    {
      "type": "Feature",
      "properties": {
        "@id": "node/5319781938",
        "addr:city": "Ilijas",
        "addr:postcode": "71380",
        "addr:street": "Bosanski put",
        "amenity": "cafe",
        "internet_access": "wlan",
        "name": "Tranzit"
      },
      "geometry": {
        "type": "Point",
        "coordinates": [
          18.2665297,
          43.9477195
        ]
      },
      "id": "node/5319781938"
    },
    {
      "type": "Feature",
      "properties": {
        "@id": "node/5332924248",
        "addr:city": "Sarajevo",
        "addr:housenumber": "31",
        "addr:postcode": "71000",
        "addr:street": "Skenderija",
        "amenity": "restaurant",
        "contact:phone": "+387 62940000",
        "delivery": "no",
        "name": "Čobanija",
        "opening_hours": "Mo-Su 09:00-22:00",
        "smoking": "yes",
        "website": "https://www.facebook.com/kodsemira"
      },
      "geometry": {
        "type": "Point",
        "coordinates": [
          18.4196006,
          43.8552101
        ]
      },
      "id": "node/5332924248"
    },
    {
      "type": "Feature",
      "properties": {
        "@id": "node/5332986750",
        "addr:city": "Sarajevo",
        "addr:postcode": "71000",
        "addr:street": "Džemala Bijedića",
        "amenity": "fast_food",
        "cuisine": "regional;burger;sandwich;chicken",
        "diet:halal": "yes",
        "diet:kosher": "yes",
        "name": "Fast Food KING 3",
        "opening_hours": "Mo-Su 08:00-23:00",
        "outdoor_seating": "yes",
        "phone": "+387 61 876 682",
        "website": "https://jedikaokralj.ba/"
      },
      "geometry": {
        "type": "Point",
        "coordinates": [
          18.3726729,
          43.8510156
        ]
      },
      "id": "node/5332986750"
    },
    {
      "type": "Feature",
      "properties": {
        "@id": "node/5345042580",
        "addr:city": "Sarajevo",
        "addr:housenumber": "50",
        "addr:postcode": "71000",
        "addr:street": "Maršala Tita",
        "amenity": "cafe",
        "contact:email": "info@ceka.ba",
        "contact:phone": "+387 33 220461",
        "internet_access": "yes",
        "internet_access:fee": "no",
        "name": "Čeka",
        "opening_hours": "Mo-Sa 08:00-00:00; Su 09:00-23:00",
        "website": "http://ceka.ba"
      },
      "geometry": {
        "type": "Point",
        "coordinates": [
          18.4198704,
          43.858698
        ]
      },
      "id": "node/5345042580"
    },
    {
      "type": "Feature",
      "properties": {
        "@id": "node/5363861908",
        "addr:city": "Sarajevo",
        "addr:housenumber": "67",
        "addr:postcode": "71000",
        "addr:street": "Antuna Hangija",
        "amenity": "restaurant",
        "name": "FIORI Ristorante, Sarajevo",
        "opening_hours": "Mo-Sa 11:00-23:00",
        "phone": "+387 33 217265",
        "website": "https://www.facebook.com/fiori.ristorante"
      },
      "geometry": {
        "type": "Point",
        "coordinates": [
          18.4050443,
          43.8631292
        ]
      },
      "id": "node/5363861908"
    },
    {
      "type": "Feature",
      "properties": {
        "@id": "node/5372160040",
        "addr:city": "Sarajevo",
        "addr:housenumber": "bb",
        "addr:postcode": "71000",
        "addr:street": "Grbavička",
        "amenity": "fast_food",
        "name": "ŠTA IMA",
        "opening_hours": "Mo-Sa 08:00-10:00",
        "phone": "+387 60 35 95 276"
      },
      "geometry": {
        "type": "Point",
        "coordinates": [
          18.4017392,
          43.851546
        ]
      },
      "id": "node/5372160040"
    },
    {
      "type": "Feature",
      "properties": {
        "@id": "node/5462379823",
        "amenity": "restaurant",
        "name:en": "Nanina kuhinja"
      },
      "geometry": {
        "type": "Point",
        "coordinates": [
          18.4303006,
          43.858676
        ]
      },
      "id": "node/5462379823"
    },
    {
      "type": "Feature",
      "properties": {
        "@id": "node/5499897821",
        "addr:housenumber": "8",
        "addr:postcode": "71210",
        "addr:street": "Butmirska cesta",
        "amenity": "restaurant",
        "check_date": "2026-05-03",
        "internet_access": "wlan",
        "name": "Restoran Bosna",
        "phone": "+387 61135590",
        "website": "https://www.restoranbosna.ba/"
      },
      "geometry": {
        "type": "Point",
        "coordinates": [
          18.3099445,
          43.8311155
        ]
      },
      "id": "node/5499897821"
    },
    {
      "type": "Feature",
      "properties": {
        "@id": "node/5509441121",
        "addr:housenumber": "61",
        "addr:postcode": "71000",
        "addr:street": "Gazi Husrev-begova",
        "amenity": "restaurant",
        "email": "info@apetit.ba",
        "internet_access": "wlan",
        "name": "Apetit",
        "name:en": "Restaurant Apetit",
        "name:hr": "Restoran Apetit",
        "name:zh": "晚餐/正餐",
        "phone": "+387 62868131",
        "smoking": "no",
        "website": "https://www.apetit.ba/"
      },
      "geometry": {
        "type": "Point",
        "coordinates": [
          18.4280856,
          43.8596637
        ]
      },
      "id": "node/5509441121"
    },
    {
      "type": "Feature",
      "properties": {
        "@id": "node/5520017597",
        "amenity": "restaurant",
        "brand": "Vapiano",
        "brand:wikidata": "Q506252",
        "brand:wikipedia": "en:Vapiano",
        "contact:email": "manager@vap-restoran.ba",
        "contact:phone": "+387 33 956954",
        "contact:website": "https://ba.vapiano.com",
        "cuisine": "italian",
        "level": "1",
        "name": "Vapiano",
        "opening_hours": "09:00-22:00"
      },
      "geometry": {
        "type": "Point",
        "coordinates": [
          18.4054924,
          43.8563455
        ]
      },
      "id": "node/5520017597"
    },
    {
      "type": "Feature",
      "properties": {
        "@id": "node/5528670221",
        "addr:city": "Sarajevo",
        "addr:housenumber": "1",
        "addr:postcode": "71000",
        "addr:street": "Saliha Hadžihusejnovića Muvekita",
        "amenity": "bar",
        "check_date": "2025-07-09",
        "internet_access": "wlan",
        "name": "Tesla Pub",
        "opening_hours": "Sa-Th 09:00-00:00; Fr 09:00-01:00",
        "phone": "+38761257666"
      },
      "geometry": {
        "type": "Point",
        "coordinates": [
          18.4264833,
          43.8582306
        ]
      },
      "id": "node/5528670221"
    },
    {
      "type": "Feature",
      "properties": {
        "@id": "node/5528752841",
        "amenity": "cafe",
        "check_date": "2023-03-29",
        "level": "0",
        "name": "Saraj",
        "name:en": "Saray",
        "name:ru": "Сарай",
        "name:sr": "Saraj",
        "payment:cards": "no",
        "payment:credit_cards": "no",
        "payment:debit_cards": "no"
      },
      "geometry": {
        "type": "Point",
        "coordinates": [
          18.4316193,
          43.8597979
        ]
      },
      "id": "node/5528752841"
    },
    {
      "type": "Feature",
      "properties": {
        "@id": "node/5536154266",
        "amenity": "cafe",
        "name": "Hippy Klupa"
      },
      "geometry": {
        "type": "Point",
        "coordinates": [
          18.4171201,
          43.8591928
        ]
      },
      "id": "node/5536154266"
    },
    {
      "type": "Feature",
      "properties": {
        "@id": "node/5536195315",
        "amenity": "cafe"
      },
      "geometry": {
        "type": "Point",
        "coordinates": [
          18.4159264,
          43.8704808
        ]
      },
      "id": "node/5536195315"
    },
    {
      "type": "Feature",
      "properties": {
        "@id": "node/5557386931",
        "amenity": "cafe",
        "name": "ANDALUZIJA"
      },
      "geometry": {
        "type": "Point",
        "coordinates": [
          18.367483,
          43.8482324
        ]
      },
      "id": "node/5557386931"
    },
    {
      "type": "Feature",
      "properties": {
        "@id": "node/5558793384",
        "amenity": "pub",
        "name": "Jagoda"
      },
      "geometry": {
        "type": "Point",
        "coordinates": [
          18.4100286,
          43.8566506
        ]
      },
      "id": "node/5558793384"
    },
    {
      "type": "Feature",
      "properties": {
        "@id": "node/5558793385",
        "amenity": "pub",
        "name": "Sarajevsko"
      },
      "geometry": {
        "type": "Point",
        "coordinates": [
          18.4099632,
          43.8566414
        ]
      },
      "id": "node/5558793385"
    },
    {
      "type": "Feature",
      "properties": {
        "@id": "node/5581282221",
        "amenity": "cafe",
        "name": "Art Kuca Sevdaha",
        "name:hr": "Art Kuca Sevdaha",
        "opening_hours": "Tu-Su 10:00-18:00"
      },
      "geometry": {
        "type": "Point",
        "coordinates": [
          18.4310017,
          43.8586895
        ]
      },
      "id": "node/5581282221"
    },
    {
      "type": "Feature",
      "properties": {
        "@id": "node/5614667522",
        "amenity": "bar",
        "name": "CAFFÈ 35"
      },
      "geometry": {
        "type": "Point",
        "coordinates": [
          18.4021888,
          43.8612394
        ]
      },
      "id": "node/5614667522"
    },
    {
      "type": "Feature",
      "properties": {
        "@id": "node/5628825121",
        "amenity": "restaurant",
        "name": "Bob",
        "name:sr": "Боб",
        "smoking": "yes"
      },
      "geometry": {
        "type": "Point",
        "coordinates": [
          18.4084442,
          43.8421344
        ]
      },
      "id": "node/5628825121"
    },
    {
      "type": "Feature",
      "properties": {
        "@id": "node/5656806861",
        "addr:city": "Sarajevo",
        "addr:housenumber": "34",
        "addr:postcode": "71000",
        "addr:street": "Hakije Kulenovića",
        "amenity": "restaurant",
        "name": "Restoran Nello",
        "opening_hours": "Mo-Sa 10:00-24:00",
        "payment:cash": "yes",
        "payment:mastercard": "yes",
        "payment:visa": "yes",
        "phone": "+387 33 209-298",
        "website": "https://www.facebook.com/RestoranNello/"
      },
      "geometry": {
        "type": "Point",
        "coordinates": [
          18.407397,
          43.8685793
        ]
      },
      "id": "node/5656806861"
    },
    {
      "type": "Feature",
      "properties": {
        "@id": "node/5709336625",
        "addr:city": "Sarajevo",
        "addr:postcode": "71000",
        "addr:street": "Halida Kajtaza",
        "amenity": "cafe",
        "name": "Penny Cafe",
        "outdoor_seating": "yes"
      },
      "geometry": {
        "type": "Point",
        "coordinates": [
          18.4030329,
          43.865749
        ]
      },
      "id": "node/5709336625"
    },
    {
      "type": "Feature",
      "properties": {
        "@id": "node/5736500391",
        "amenity": "restaurant",
        "name": "Rive Gauche",
        "opening_hours": "Mo-Sa 10:00-23:00;Su off",
        "outdoor_seating": "yes",
        "payment:visa": "yes"
      },
      "geometry": {
        "type": "Point",
        "coordinates": [
          18.4046139,
          43.8580705
        ]
      },
      "id": "node/5736500391"
    },
    {
      "type": "Feature",
      "properties": {
        "@id": "node/5736681996",
        "amenity": "restaurant",
        "contact:phone": "+387 33 236119",
        "contact:website": "http://www.moricahan.ba",
        "name": "Morića Han"
      },
      "geometry": {
        "type": "Point",
        "coordinates": [
          18.4301157,
          43.8597613
        ]
      },
      "id": "node/5736681996"
    },
    {
      "type": "Feature",
      "properties": {
        "@id": "node/5738832109",
        "amenity": "cafe",
        "outdoor_seating": "yes"
      },
      "geometry": {
        "type": "Point",
        "coordinates": [
          18.4084625,
          43.8555901
        ]
      },
      "id": "node/5738832109"
    },
    {
      "type": "Feature",
      "properties": {
        "@id": "node/5739085929",
        "amenity": "cafe",
        "name": "Ministry of Ćejf",
        "opening_hours": "Mo-Su 07:00-23:00"
      },
      "geometry": {
        "type": "Point",
        "coordinates": [
          18.4095133,
          43.8555444
        ]
      },
      "id": "node/5739085929"
    },
    {
      "type": "Feature",
      "properties": {
        "@id": "node/5743675476",
        "amenity": "cafe",
        "contact:phone": "+387 61 018303",
        "cuisine": "coffee_shop",
        "internet_access": "wlan",
        "level": "-1",
        "name": "Giannini",
        "opening_hours": "Mo-Sa 08:00-20:00;Su off",
        "operator": "E. Torlaković"
      },
      "geometry": {
        "type": "Point",
        "coordinates": [
          18.4140663,
          43.8548957
        ]
      },
      "id": "node/5743675476"
    },
    {
      "type": "Feature",
      "properties": {
        "@id": "node/5744386085",
        "amenity": "pub",
        "internet_access": "wlan",
        "name": "The Pub",
        "opening_hours": "Mo-Sa 07:00-02:00; Su 09:00-02:00",
        "outdoor_seating": "yes",
        "phone": "+387 62152152",
        "website": "https://www.facebook.com/thepubsarajevo",
        "wheelchair": "no"
      },
      "geometry": {
        "type": "Point",
        "coordinates": [
          18.380646,
          43.8529161
        ]
      },
      "id": "node/5744386085"
    },
    {
      "type": "Feature",
      "properties": {
        "@id": "node/5745473433",
        "amenity": "restaurant",
        "contact:email": "lepetit@lepetit.ba",
        "contact:website": "https://www.lepetit.ba",
        "name": "Le Petit Food Gallery",
        "opening_hours": "Mo-Sa 08:00-20:00;Su off"
      },
      "geometry": {
        "type": "Point",
        "coordinates": [
          18.4080796,
          43.8579825
        ]
      },
      "id": "node/5745473433"
    },
    {
      "type": "Feature",
      "properties": {
        "@id": "node/5752296412",
        "amenity": "restaurant",
        "name": "Đulagin dvor",
        "opening_hours": "Mo-Su 08:00-02:00"
      },
      "geometry": {
        "type": "Point",
        "coordinates": [
          18.4296121,
          43.8598286
        ]
      },
      "id": "node/5752296412"
    },
    {
      "type": "Feature",
      "properties": {
        "@id": "node/5752296414",
        "amenity": "restaurant",
        "contact:phone": "+387 33 535999",
        "cuisine": "regional;pizza",
        "internet_access": "wlan",
        "name": "Zembilj",
        "opening_hours": "Mo-Su 08:00-00:00",
        "outdoor_seating": "yes"
      },
      "geometry": {
        "type": "Point",
        "coordinates": [
          18.4295747,
          43.8597237
        ]
      },
      "id": "node/5752296414"
    },
    {
      "type": "Feature",
      "properties": {
        "@id": "node/5769685489",
        "addr:city": "Sarajevo",
        "addr:housenumber": "97",
        "addr:postcode": "71000",
        "addr:street": "Bulevar Meše Selimovića",
        "amenity": "restaurant",
        "name": "KUP Coffee Pastry & Bakery"
      },
      "geometry": {
        "type": "Point",
        "coordinates": [
          18.3551992,
          43.8470185
        ]
      },
      "id": "node/5769685489"
    },
    {
      "type": "Feature",
      "properties": {
        "@id": "node/5784712838",
        "amenity": "cafe",
        "description": "Local genuine R&R club",
        "name": "New Folder",
        "name:sr": "Њу фолдер",
        "name:sr-Latn": "New Folder",
        "opening_hours": "Mo-Su 09:00-02:00"
      },
      "geometry": {
        "type": "Point",
        "coordinates": [
          18.3665656,
          43.8270377
        ]
      },
      "id": "node/5784712838"
    },
    {
      "type": "Feature",
      "properties": {
        "@id": "node/5825439453",
        "amenity": "cafe",
        "name": "August Cafe"
      },
      "geometry": {
        "type": "Point",
        "coordinates": [
          18.4192255,
          43.8585808
        ]
      },
      "id": "node/5825439453"
    },
    {
      "type": "Feature",
      "properties": {
        "@id": "node/5825439553",
        "amenity": "cafe",
        "name:en": "Evolucija"
      },
      "geometry": {
        "type": "Point",
        "coordinates": [
          18.4223941,
          43.8585236
        ]
      },
      "id": "node/5825439553"
    },
    {
      "type": "Feature",
      "properties": {
        "@id": "node/5839571087",
        "amenity": "restaurant",
        "cuisine": "local",
        "internet_access": "wlan",
        "name": "Kod Kemen"
      },
      "geometry": {
        "type": "Point",
        "coordinates": [
          18.4295577,
          43.8598383
        ]
      },
      "id": "node/5839571087"
    },
    {
      "type": "Feature",
      "properties": {
        "@id": "node/5840301785",
        "addr:housenumber": "16",
        "addr:street": "Bravadžiluk",
        "amenity": "cafe",
        "check_date": "2025-07-09",
        "cuisine": "local;coffee_shop;baklava;balkan",
        "internet_access": "wlan",
        "name": "Baklava Shop",
        "name:en": "Baklava Shop Caffe",
        "opening_hours": "Mo-Su 11:00-20:00",
        "phone": "+38761965580"
      },
      "geometry": {
        "type": "Point",
        "coordinates": [
          18.4312714,
          43.8589515
        ]
      },
      "id": "node/5840301785"
    },
    {
      "type": "Feature",
      "properties": {
        "@id": "node/5928619285",
        "addr:city": "Sarajevo",
        "addr:housenumber": "22",
        "addr:postcode": "71000",
        "addr:street": "Baščaršija",
        "amenity": "restaurant",
        "name": "Ćevabžinica Saraj"
      },
      "geometry": {
        "type": "Point",
        "coordinates": [
          18.4314336,
          43.859739
        ]
      },
      "id": "node/5928619285"
    },
    {
      "type": "Feature",
      "properties": {
        "@id": "node/5939106291",
        "addr:housenumber": "22",
        "addr:street": "Saraci",
        "amenity": "cafe",
        "indoor_seating": "yes",
        "internet_access": "wlan",
        "name": "Andar",
        "outdoor_seating": "yes",
        "wheelchair": "limited"
      },
      "geometry": {
        "type": "Point",
        "coordinates": [
          18.4293789,
          43.8594124
        ]
      },
      "id": "node/5939106291"
    },
    {
      "type": "Feature",
      "properties": {
        "@id": "node/5961310659",
        "addr:housenumber": "31G",
        "addr:street": "Spasovdanska",
        "amenity": "pub",
        "name": "Majstor za pivo",
        "name:sr": "Мајстор за пиво",
        "name:sr-Latn": "Majstor za pivo",
        "opening_hours": "Mo-Su 08:00-23:00",
        "website": "https://m.facebook.com/majstorzapivois/"
      },
      "geometry": {
        "type": "Point",
        "coordinates": [
          18.3626633,
          43.8186364
        ]
      },
      "id": "node/5961310659"
    },
    {
      "type": "Feature",
      "properties": {
        "@id": "node/6053759601",
        "amenity": "fast_food"
      },
      "geometry": {
        "type": "Point",
        "coordinates": [
          18.3682458,
          43.8497158
        ]
      },
      "id": "node/6053759601"
    },
    {
      "type": "Feature",
      "properties": {
        "@id": "node/6097099285",
        "addr:housenumber": "8",
        "addr:postcode": "71000",
        "addr:street": "Vilsonovo šetalište",
        "amenity": "cafe",
        "internet_access": "wlan",
        "name": "MyFace Cafe",
        "opening_hours": "Mo-Su 07:00-23:00",
        "website": "https://www.facebook.com/myfacesarajevo/"
      },
      "geometry": {
        "type": "Point",
        "coordinates": [
          18.3972697,
          43.8539692
        ]
      },
      "id": "node/6097099285"
    },
    {
      "type": "Feature",
      "properties": {
        "@id": "node/6130474349",
        "addr:city": "Istočno Sarajevo",
        "addr:housenumber": "21",
        "addr:postcode": "71123",
        "addr:street": "Hilandarska",
        "amenity": "cafe",
        "name": "Uno momento",
        "name:sr": "Уно моменто",
        "name:sr-Latn": "Uno momento"
      },
      "geometry": {
        "type": "Point",
        "coordinates": [
          18.3622366,
          43.8172286
        ]
      },
      "id": "node/6130474349"
    },
    {
      "type": "Feature",
      "properties": {
        "@id": "node/6157449586",
        "amenity": "pub",
        "billiards:pool": "yes",
        "contact:phone": "+387 33 609060",
        "name": "Billiard Dart Club 69",
        "opening_hours": "Mo-Su 08:00-01:00",
        "smoking": "yes",
        "sport": "billiards;darts"
      },
      "geometry": {
        "type": "Point",
        "coordinates": [
          18.3897205,
          43.8542705
        ]
      },
      "id": "node/6157449586"
    },
    {
      "type": "Feature",
      "properties": {
        "@id": "node/6159179605",
        "amenity": "bar",
        "name": "Klub 1",
        "opening_hours": "Mo-Sa 07:00-01:00;Su 10:00-01:00"
      },
      "geometry": {
        "type": "Point",
        "coordinates": [
          18.4211368,
          43.8575932
        ]
      },
      "id": "node/6159179605"
    },
    {
      "type": "Feature",
      "properties": {
        "@id": "node/6162382342",
        "amenity": "restaurant",
        "internet_access": "wlan",
        "name": "Spazio Gourmet",
        "smoking": "separated",
        "toilets:wheelchair": "no",
        "wheelchair": "yes"
      },
      "geometry": {
        "type": "Point",
        "coordinates": [
          18.4109563,
          43.8556084
        ]
      },
      "id": "node/6162382342"
    },
    {
      "type": "Feature",
      "properties": {
        "@id": "node/6175095870",
        "addr:city": "Sarajevo",
        "addr:housenumber": "20",
        "addr:postcode": "71000",
        "addr:street": "Husrefa Redžića",
        "alt_name": "Nargila Bar Čiko",
        "amenity": "cafe",
        "cuisine": "coffee_shop",
        "int_name": "Hookah Bar Čiko",
        "internet_access": "wlan",
        "name": "Hookah Bar Čiko",
        "source": "https://www.ekskluziva.ba/u-sarajevu-otvoren-shisha-bar-ciko-prvi-sa-selfi-aparatom/294885"
      },
      "geometry": {
        "type": "Point",
        "coordinates": [
          18.4077522,
          43.8684082
        ]
      },
      "id": "node/6175095870"
    },
    {
      "type": "Feature",
      "properties": {
        "@id": "node/6353741885",
        "amenity": "fast_food",
        "name:en": "to be or not to be",
        "name:zh": "快餐店"
      },
      "geometry": {
        "type": "Point",
        "coordinates": [
          18.4296802,
          43.8590433
        ]
      },
      "id": "node/6353741885"
    },
    {
      "type": "Feature",
      "properties": {
        "@id": "node/6362427023",
        "addr:street": "Olimpijska",
        "amenity": "cafe",
        "name": "CAFFE TWINS"
      },
      "geometry": {
        "type": "Point",
        "coordinates": [
          18.345881,
          43.8384309
        ]
      },
      "id": "node/6362427023"
    },
    {
      "type": "Feature",
      "properties": {
        "@id": "node/6389893985",
        "amenity": "restaurant",
        "name": "Naš Dom",
        "name:en": "Superfood"
      },
      "geometry": {
        "type": "Point",
        "coordinates": [
          18.4084223,
          43.8661111
        ]
      },
      "id": "node/6389893985"
    },
    {
      "type": "Feature",
      "properties": {
        "@id": "node/6389893986",
        "addr:housenumber": "5",
        "addr:postcode": "71000",
        "addr:street": "Ferhadija",
        "amenity": "restaurant",
        "cuisine": "italian",
        "name": "Osteria Montalcino"
      },
      "geometry": {
        "type": "Point",
        "coordinates": [
          18.4230486,
          43.8587409
        ]
      },
      "id": "node/6389893986"
    },
    {
      "type": "Feature",
      "properties": {
        "@id": "node/6393089085",
        "amenity": "restaurant",
        "name:en": "to be"
      },
      "geometry": {
        "type": "Point",
        "coordinates": [
          18.4296839,
          43.8590289
        ]
      },
      "id": "node/6393089085"
    },
    {
      "type": "Feature",
      "properties": {
        "@id": "node/6436650326",
        "amenity": "restaurant",
        "indoor_seating": "yes",
        "name": "Aščinica Hadžibajrić",
        "outdoor_seating": "yes"
      },
      "geometry": {
        "type": "Point",
        "coordinates": [
          18.4304487,
          43.8589904
        ]
      },
      "id": "node/6436650326"
    },
    {
      "type": "Feature",
      "properties": {
        "@id": "node/6436651430",
        "addr:city": "Sarajevo",
        "addr:housenumber": "28",
        "addr:postcode": "71000",
        "addr:street": "Bravadžiluk",
        "amenity": "restaurant",
        "check_date": "2025-07-09",
        "cuisine": "balkan;burek;regional",
        "delivery": "yes",
        "name": "ASDž",
        "opening_hours": "Mo-Su 08:00-00:00",
        "phone": "+38733537503"
      },
      "geometry": {
        "type": "Point",
        "coordinates": [
          18.4315611,
          43.8589553
        ]
      },
      "id": "node/6436651430"
    },
    {
      "type": "Feature",
      "properties": {
        "@id": "node/6483125291",
        "amenity": "cafe",
        "name": "Zdravo"
      },
      "geometry": {
        "type": "Point",
        "coordinates": [
          18.3563118,
          43.850811
        ]
      },
      "id": "node/6483125291"
    },
    {
      "type": "Feature",
      "properties": {
        "@id": "node/6518696784",
        "amenity": "fast_food",
        "drive_through": "no",
        "name": "Woky",
        "takeaway": "yes"
      },
      "geometry": {
        "type": "Point",
        "coordinates": [
          18.3731629,
          43.8509249
        ]
      },
      "id": "node/6518696784"
    },
    {
      "type": "Feature",
      "properties": {
        "@id": "node/6544771896",
        "addr:country": "BA",
        "addr:housenumber": "24",
        "addr:street": "Skenderija",
        "amenity": "fast_food",
        "cuisine": "regional",
        "name": "Buregdžinica Skend",
        "opening_hours": "Mo-Fr 08:00-18:00; Sa 08:00-17:00; PH off",
        "outdoor_seating": "yes",
        "payment:cash": "yes",
        "phone": "+387 62 983925",
        "takeaway": "yes"
      },
      "geometry": {
        "type": "Point",
        "coordinates": [
          18.41788,
          43.8545341
        ]
      },
      "id": "node/6544771896"
    },
    {
      "type": "Feature",
      "properties": {
        "@id": "node/6612102578",
        "addr:city": "Sarajevo",
        "addr:housenumber": "5",
        "addr:postcode": "71000",
        "addr:street": "Pruščakova",
        "air_conditioning": "yes",
        "amenity": "cafe",
        "bar": "yes",
        "capacity": "50",
        "contact:email": "caffebarpoint@agropoint.ba",
        "contact:phone": "+387 33 838 357",
        "contact:website": "https://www.caffebarpoint.ba",
        "internet_access": "yes",
        "internet_access:fee": "no",
        "internet_access:ssid": "CaffebarPOINT",
        "name": "Caffe bar POINT",
        "opening_hours": "Mo-Sa 08:00-24:00",
        "outdoor_seating": "no",
        "reservation": "no",
        "smoking": "yes",
        "start_date": "2019-01-08"
      },
      "geometry": {
        "type": "Point",
        "coordinates": [
          18.4183371,
          43.8592626
        ]
      },
      "id": "node/6612102578"
    },
    {
      "type": "Feature",
      "properties": {
        "@id": "node/6618524309",
        "addr:city": "Istočno Sarajevo",
        "addr:housenumber": "28",
        "addr:postcode": "71123",
        "addr:street": "Hilandarska",
        "amenity": "cafe",
        "internet_access": "yes",
        "name": "Caffe Elefant",
        "outdoor_seating": "yes"
      },
      "geometry": {
        "type": "Point",
        "coordinates": [
          18.3627933,
          43.8181287
        ]
      },
      "id": "node/6618524309"
    },
    {
      "type": "Feature",
      "properties": {
        "@id": "node/6657345685",
        "addr:housenumber": "250",
        "addr:street": "Vuka Karadžića",
        "amenity": "restaurant",
        "cuisine": "balkan",
        "name": "Toplik",
        "name:en": "Toplik",
        "name:sr": "Топлик",
        "name:sr-Latn": "Toplik",
        "phone": "+387 57 321-455",
        "website": "https://ribnjaktoplik.ba/"
      },
      "geometry": {
        "type": "Point",
        "coordinates": [
          18.388885,
          43.8105897
        ]
      },
      "id": "node/6657345685"
    },
    {
      "type": "Feature",
      "properties": {
        "@id": "node/6658916473",
        "amenity": "restaurant",
        "name": "Imidż"
      },
      "geometry": {
        "type": "Point",
        "coordinates": [
          18.3356639,
          43.9355989
        ]
      },
      "id": "node/6658916473"
    },
    {
      "type": "Feature",
      "properties": {
        "@id": "node/6708477687",
        "amenity": "fast_food",
        "name:en": "Burek Shop 'Ahmo'"
      },
      "geometry": {
        "type": "Point",
        "coordinates": [
          18.43077,
          43.8589422
        ]
      },
      "id": "node/6708477687"
    },
    {
      "type": "Feature",
      "properties": {
        "@id": "node/6740371385",
        "addr:city": "Sarajevo",
        "addr:housenumber": "51",
        "addr:postcode": "71000",
        "addr:street": "Branilaca Sarajeva",
        "amenity": "restaurant",
        "check_date": "2025-07-09",
        "cuisine": "italian",
        "delivery": "yes",
        "name": "Trattoria Boccone",
        "opening_hours": "Mo-Fr 09:00-22:00; Sa 12:00-22:00",
        "phone": "+38733448415",
        "website": "https://trattoria-boccone.ba/"
      },
      "geometry": {
        "type": "Point",
        "coordinates": [
          18.4234875,
          43.8578834
        ]
      },
      "id": "node/6740371385"
    },
    {
      "type": "Feature",
      "properties": {
        "@id": "node/6774997787",
        "amenity": "restaurant"
      },
      "geometry": {
        "type": "Point",
        "coordinates": [
          18.250263,
          43.7674055
        ]
      },
      "id": "node/6774997787"
    },
    {
      "type": "Feature",
      "properties": {
        "@id": "node/6775662993",
        "amenity": "restaurant",
        "check_date": "2026-04-04",
        "cuisine": "regional",
        "diet:vegetarian": "yes",
        "indoor_seating": "yes",
        "level": "0",
        "name": "Kastel",
        "outdoor_seating": "yes",
        "wheelchair": "yes"
      },
      "geometry": {
        "type": "Point",
        "coordinates": [
          18.428753,
          43.8586237
        ]
      },
      "id": "node/6775662993"
    },
    {
      "type": "Feature",
      "properties": {
        "@id": "node/6775678523",
        "amenity": "restaurant",
        "cuisine": "italian",
        "name": "Piatto"
      },
      "geometry": {
        "type": "Point",
        "coordinates": [
          18.4189394,
          43.8669689
        ]
      },
      "id": "node/6775678523"
    },
    {
      "type": "Feature",
      "properties": {
        "@id": "node/6775678528",
        "amenity": "pub",
        "indoor_seating": "yes",
        "name": "La cava",
        "outdoor_seating": "yes",
        "wheelchair": "limited"
      },
      "geometry": {
        "type": "Point",
        "coordinates": [
          18.4288886,
          43.8585314
        ]
      },
      "id": "node/6775678528"
    },
    {
      "type": "Feature",
      "properties": {
        "@id": "node/6778902085",
        "amenity": "cafe",
        "name": "Višnjik"
      },
      "geometry": {
        "type": "Point",
        "coordinates": [
          18.4194366,
          43.8667261
        ]
      },
      "id": "node/6778902085"
    },
    {
      "type": "Feature",
      "properties": {
        "@id": "node/6840057709",
        "addr:city": "Sarajevo",
        "addr:country": "BA",
        "addr:housenumber": "61",
        "addr:postcode": "71000",
        "addr:street": "Hamdije Kreševljakovića",
        "amenity": "cafe",
        "name": "Talks & Giggles",
        "opening_hours": "Mo-Sa 08:00-22:00; PH closed",
        "phone": "+387 62 606 228",
        "takeaway": "yes",
        "website": "https://www.facebook.com/talksandgiggles/"
      },
      "geometry": {
        "type": "Point",
        "coordinates": [
          18.4255113,
          43.8565194
        ]
      },
      "id": "node/6840057709"
    },
    {
      "type": "Feature",
      "properties": {
        "@id": "node/6845687985",
        "amenity": "cafe",
        "name": "Old School Cafe",
        "opening_hours": "Mo-Sa 08:00-23:00"
      },
      "geometry": {
        "type": "Point",
        "coordinates": [
          18.4184391,
          43.8584366
        ]
      },
      "id": "node/6845687985"
    },
    {
      "type": "Feature",
      "properties": {
        "@id": "node/6845688085",
        "amenity": "bar",
        "name": "Jazzbina"
      },
      "geometry": {
        "type": "Point",
        "coordinates": [
          18.418436,
          43.8585064
        ]
      },
      "id": "node/6845688085"
    },
    {
      "type": "Feature",
      "properties": {
        "@id": "node/6869609676",
        "amenity": "restaurant"
      },
      "geometry": {
        "type": "Point",
        "coordinates": [
          18.296611,
          43.828429
        ]
      },
      "id": "node/6869609676"
    },
    {
      "type": "Feature",
      "properties": {
        "@id": "node/6961696591",
        "addr:housenumber": "3",
        "addr:postcode": "71000",
        "addr:street": "Kundurdžiluk",
        "amenity": "restaurant",
        "cuisine": "asian",
        "internet_access": "wlan",
        "name:en": "Lotus Chinese Restaurant",
        "opening_hours": "Mo-Su 10:00-22:00",
        "phone": "+38733877108"
      },
      "geometry": {
        "type": "Point",
        "coordinates": [
          18.429173,
          43.8585194
        ]
      },
      "id": "node/6961696591"
    },
    {
      "type": "Feature",
      "properties": {
        "@id": "node/7015695486",
        "addr:city": "Sarajevo",
        "addr:housenumber": "45",
        "addr:postcode": "71000",
        "addr:street": "Hamdije Čemerlića",
        "amenity": "restaurant",
        "name": "Paper Moon",
        "opening_hours": "Mo-Sa 08:00-23:00",
        "phone": "+38733956939",
        "website": "https://papermoon.ba/"
      },
      "geometry": {
        "type": "Point",
        "coordinates": [
          18.3943299,
          43.8500636
        ]
      },
      "id": "node/7015695486"
    },
    {
      "type": "Feature",
      "properties": {
        "@id": "node/7083667178",
        "amenity": "restaurant",
        "name": "Restoran Minjo",
        "outdoor_seating": "yes"
      },
      "geometry": {
        "type": "Point",
        "coordinates": [
          18.4318681,
          43.8726503
        ]
      },
      "id": "node/7083667178"
    },
    {
      "type": "Feature",
      "properties": {
        "@id": "node/7085745641",
        "amenity": "pub",
        "billiards:pool": "2",
        "billiards:snooker": "2",
        "contact:phone": "+387 644333313",
        "internet_access": "wlan",
        "name": "Union Jack",
        "opening_hours": "Mo-Su 10:00-24:00",
        "sport": "billiards",
        "wheelchair": "no"
      },
      "geometry": {
        "type": "Point",
        "coordinates": [
          18.3833483,
          43.8482593
        ]
      },
      "id": "node/7085745641"
    },
    {
      "type": "Feature",
      "properties": {
        "@id": "node/7090814639",
        "amenity": "cafe"
      },
      "geometry": {
        "type": "Point",
        "coordinates": [
          18.4367162,
          43.8817596
        ]
      },
      "id": "node/7090814639"
    },
    {
      "type": "Feature",
      "properties": {
        "@id": "node/7093893678",
        "addr:city": "Sarajevo",
        "addr:housenumber": "4",
        "addr:postcode": "71000",
        "addr:street": "Čobanija",
        "amenity": "fast_food",
        "check_date": "2025-07-08",
        "cuisine": "asian",
        "name": "Snogu Street Wok",
        "opening_hours": "Mo-Sa 07:00-23:00",
        "phone": "+38762501378"
      },
      "geometry": {
        "type": "Point",
        "coordinates": [
          18.4203942,
          43.8559904
        ]
      },
      "id": "node/7093893678"
    },
    {
      "type": "Feature",
      "properties": {
        "@id": "node/7093893680",
        "amenity": "fast_food",
        "check_date": "2025-10-21",
        "cuisine": "burger",
        "name": "Pirpa",
        "opening_hours": "Mo-Su 00:00-24:00;PH off",
        "outdoor_seating": "no",
        "payment:credit_cards": "no",
        "phone": "+387 33 208183",
        "takeaway": "yes",
        "website": "https://www.facebook.com/PIRPA-274074412720269"
      },
      "geometry": {
        "type": "Point",
        "coordinates": [
          18.4204153,
          43.8559224
        ]
      },
      "id": "node/7093893680"
    },
    {
      "type": "Feature",
      "properties": {
        "@id": "node/7280405786",
        "addr:street": "Kovači",
        "amenity": "bar",
        "brewery": "yes;sarajevsko",
        "internet_access": "wlan",
        "min_age": "18",
        "name": "Birtija",
        "phone": "+387 61325425",
        "website": "https://mbasic.facebook.com/Birtija-176418415868929/"
      },
      "geometry": {
        "type": "Point",
        "coordinates": [
          18.431897,
          43.8601448
        ]
      },
      "id": "node/7280405786"
    },
    {
      "type": "Feature",
      "properties": {
        "@id": "node/7395698442",
        "amenity": "fast_food",
        "name": "Kuća Hrane",
        "opening_hours": "Mo-Sa 08:00-18:00"
      },
      "geometry": {
        "type": "Point",
        "coordinates": [
          18.3417959,
          43.842425
        ]
      },
      "id": "node/7395698442"
    },
    {
      "type": "Feature",
      "properties": {
        "@id": "node/7412194049",
        "amenity": "cafe",
        "internet_access": "wlan",
        "internet_access:fee": "no",
        "internet_access:ssid": "Avlija",
        "name": "Avlija",
        "outdoor_seating": "yes"
      },
      "geometry": {
        "type": "Point",
        "coordinates": [
          18.3125681,
          43.7994827
        ]
      },
      "id": "node/7412194049"
    },
    {
      "type": "Feature",
      "properties": {
        "@id": "node/7412194050",
        "amenity": "cafe",
        "name": "Old Bar",
        "outdoor_seating": "yes"
      },
      "geometry": {
        "type": "Point",
        "coordinates": [
          18.3119808,
          43.7980917
        ]
      },
      "id": "node/7412194050"
    },
    {
      "type": "Feature",
      "properties": {
        "@id": "node/7415412639",
        "amenity": "restaurant",
        "cuisine": "pizza;coffee_shop;ice_cream;international",
        "name": "Kilim",
        "opening_hours": "Mo-Su 08:00-23:00",
        "phone": "+387 61 050 808",
        "website": "https://kilim.ba/"
      },
      "geometry": {
        "type": "Point",
        "coordinates": [
          18.3050638,
          43.8288926
        ]
      },
      "id": "node/7415412639"
    },
    {
      "type": "Feature",
      "properties": {
        "@id": "node/7711403985",
        "amenity": "cafe",
        "name": "Caffe Zrno"
      },
      "geometry": {
        "type": "Point",
        "coordinates": [
          18.4179087,
          43.8696029
        ]
      },
      "id": "node/7711403985"
    },
    {
      "type": "Feature",
      "properties": {
        "@id": "node/7925772814",
        "addr:city": "Sarajevo",
        "addr:housenumber": "43",
        "addr:postcode": "71000",
        "addr:street": "Ferhadija",
        "amenity": "cafe",
        "cuisine": "coffee_shop",
        "internet_access": "yes",
        "internet_access:fee": "no",
        "name": "Caffe Slastičarna Badem",
        "opening_hours": "Mo-Su 08:00-23:00",
        "outdoor_seating": "yes"
      },
      "geometry": {
        "type": "Point",
        "coordinates": [
          18.4278326,
          43.8593655
        ]
      },
      "id": "node/7925772814"
    },
    {
      "type": "Feature",
      "properties": {
        "@id": "node/8137688077",
        "amenity": "cafe",
        "name": "Vatra"
      },
      "geometry": {
        "type": "Point",
        "coordinates": [
          18.3533338,
          43.850601
        ]
      },
      "id": "node/8137688077"
    },
    {
      "type": "Feature",
      "properties": {
        "@id": "node/8141307890",
        "amenity": "fast_food",
        "cuisine": "regional",
        "name": "Buregdžinica 2MM"
      },
      "geometry": {
        "type": "Point",
        "coordinates": [
          18.392,
          43.8551124
        ]
      },
      "id": "node/8141307890"
    },
    {
      "type": "Feature",
      "properties": {
        "@id": "node/8141478626",
        "amenity": "cafe",
        "cuisine": "hoo",
        "internet_access": "wlan",
        "internet_access:fee": "customers",
        "name": "Klik",
        "outdoor_seating": "yes",
        "smoking": "yes"
      },
      "geometry": {
        "type": "Point",
        "coordinates": [
          18.391914,
          43.8544531
        ]
      },
      "id": "node/8141478626"
    },
    {
      "type": "Feature",
      "properties": {
        "@id": "node/8184200996",
        "amenity": "restaurant",
        "indoor_seating": "yes",
        "name": "Mrkva",
        "outdoor_seating": "no"
      },
      "geometry": {
        "type": "Point",
        "coordinates": [
          18.4081575,
          43.8554762
        ]
      },
      "id": "node/8184200996"
    },
    {
      "type": "Feature",
      "properties": {
        "@id": "node/8184200997",
        "amenity": "restaurant",
        "name": "Montana"
      },
      "geometry": {
        "type": "Point",
        "coordinates": [
          18.4083133,
          43.8554992
        ]
      },
      "id": "node/8184200997"
    },
    {
      "type": "Feature",
      "properties": {
        "@id": "node/8422045216",
        "addr:city": "Sarajevo",
        "addr:housenumber": "12",
        "addr:postcode": "71000",
        "addr:street": "Ložionička",
        "amenity": "pub",
        "brewery": "various",
        "internet_access": "wlan",
        "name": "Gastro Pub Vučko",
        "opening_hours": "Mo-Sa 09:00-23:30, Su 09:00-22:00",
        "phone": "+38761396939",
        "smoking": "yes"
      },
      "geometry": {
        "type": "Point",
        "coordinates": [
          18.3853854,
          43.8538368
        ]
      },
      "id": "node/8422045216"
    },
    {
      "type": "Feature",
      "properties": {
        "@id": "node/8422060344",
        "addr:city": "Sarajevo",
        "addr:housenumber": "2",
        "addr:postcode": "71000",
        "addr:street": "Trg Fra Grge Martića",
        "amenity": "cafe",
        "name": "City Walk",
        "opening_hours": "Mo-Sa 09:00-22:00; Su 11:00-21:30",
        "outdoor_seating": "yes",
        "phone": "+38733877866"
      },
      "geometry": {
        "type": "Point",
        "coordinates": [
          18.4256333,
          43.859396
        ]
      },
      "id": "node/8422060344"
    },
    {
      "type": "Feature",
      "properties": {
        "@id": "node/8422060345",
        "addr:city": "Sarajevo",
        "addr:housenumber": "5",
        "addr:postcode": "71000",
        "addr:street": "Ferhadija",
        "amenity": "cafe",
        "contact:facebook": "https://www.facebook.com/revolucija1764/",
        "name": "Cafe Restaurant Revolucija 1764",
        "opening_hours": "Mo-Su 09:00-21:00",
        "outdoor_seating": "yes",
        "phone": "+38733203600"
      },
      "geometry": {
        "type": "Point",
        "coordinates": [
          18.4231665,
          43.858728
        ]
      },
      "id": "node/8422060345"
    },
    {
      "type": "Feature",
      "properties": {
        "@id": "node/8422060346",
        "addr:city": "Sarajevo",
        "addr:housenumber": "3",
        "addr:postcode": "71000",
        "addr:street": "Branilaca Sarajeva",
        "amenity": "bar",
        "name": "FitBar",
        "opening_hours": "Mo-Fr 07:30-20:30, Sa 10:00-20:30, Su 12:00-19:30",
        "phone": "+38733204344"
      },
      "geometry": {
        "type": "Point",
        "coordinates": [
          18.4193991,
          43.8579089
        ]
      },
      "id": "node/8422060346"
    },
    {
      "type": "Feature",
      "properties": {
        "@id": "node/8422068141",
        "addr:city": "Sarajevo",
        "addr:housenumber": "76",
        "addr:postcode": "71000",
        "addr:street": "Zmaja od Bosne",
        "amenity": "restaurant",
        "brewery": "Heineken;Karlovačko",
        "name": "Goool",
        "opening_hours": "Mo-Sa 08:00-22:00",
        "phone": "+387 33 616-210",
        "website": "https://restorangoool.ba/"
      },
      "geometry": {
        "type": "Point",
        "coordinates": [
          18.3840287,
          43.8527623
        ]
      },
      "id": "node/8422068141"
    },
    {
      "type": "Feature",
      "properties": {
        "@id": "node/8428826022",
        "addr:housenumber": "66",
        "addr:street": "Čekaluša",
        "amenity": "bar",
        "name": "ITD"
      },
      "geometry": {
        "type": "Point",
        "coordinates": [
          18.415626,
          43.8636938
        ]
      },
      "id": "node/8428826022"
    },
    {
      "type": "Feature",
      "properties": {
        "@id": "node/8914317017",
        "addr:housenumber": "2",
        "addr:postcode": "71000",
        "addr:street": "Fra Filipa Lastrića",
        "amenity": "cafe",
        "brand": "Caribou Coffee",
        "brand:wikidata": "Q5039494",
        "cuisine": "coffee_shop",
        "internet_access": "wlan",
        "name": "Caribou Coffee",
        "opening_hours": "Mo-Su 07:00-23:00",
        "phone": "+387 33 656-100",
        "takeaway": "yes",
        "website": "https://cariboucoffee.com/"
      },
      "geometry": {
        "type": "Point",
        "coordinates": [
          18.3896351,
          43.8529857
        ]
      },
      "id": "node/8914317017"
    },
    {
      "type": "Feature",
      "properties": {
        "@id": "node/8975088682",
        "amenity": "fast_food",
        "check_date": "2025-04-21",
        "cuisine": "pizza;sandwich;burger",
        "name": "Pizza Calabria",
        "opening_hours": "Mo-Su 08:00-23:00",
        "takeaway": "only"
      },
      "geometry": {
        "type": "Point",
        "coordinates": [
          18.4228262,
          43.8562721
        ]
      },
      "id": "node/8975088682"
    },
    {
      "type": "Feature",
      "properties": {
        "@id": "node/8977959138",
        "amenity": "bar",
        "internet_access": "wlan",
        "name": "Dilema",
        "outdoor_seating": "yes"
      },
      "geometry": {
        "type": "Point",
        "coordinates": [
          18.4282912,
          43.8601473
        ]
      },
      "id": "node/8977959138"
    },
    {
      "type": "Feature",
      "properties": {
        "@id": "node/8984136022",
        "amenity": "fast_food",
        "cuisine": "kebab",
        "name": "Ortakoy"
      },
      "geometry": {
        "type": "Point",
        "coordinates": [
          18.4229145,
          43.8577923
        ]
      },
      "id": "node/8984136022"
    },
    {
      "type": "Feature",
      "properties": {
        "@id": "node/8984136023",
        "amenity": "fast_food",
        "cuisine": "balkan;regional",
        "name": "Šahe"
      },
      "geometry": {
        "type": "Point",
        "coordinates": [
          18.4231394,
          43.8578263
        ]
      },
      "id": "node/8984136023"
    },
    {
      "type": "Feature",
      "properties": {
        "@id": "node/9007902935",
        "addr:city": "Ilidža",
        "addr:housenumber": "279",
        "addr:postcode": "71210",
        "addr:street": "Džemala Bijedića",
        "addr:unit": "D",
        "amenity": "fast_food",
        "cuisine": "pancake",
        "drive_through": "no",
        "name": "Slatko iskušenje",
        "opening_hours": "Mo-Sa 07:00-21:00"
      },
      "geometry": {
        "type": "Point",
        "coordinates": [
          18.3222755,
          43.8398602
        ]
      },
      "id": "node/9007902935"
    },
    {
      "type": "Feature",
      "properties": {
        "@id": "node/9031318282",
        "amenity": "cafe",
        "smoking": "yes"
      },
      "geometry": {
        "type": "Point",
        "coordinates": [
          18.3565127,
          43.8171147
        ]
      },
      "id": "node/9031318282"
    },
    {
      "type": "Feature",
      "properties": {
        "@id": "node/9116130414",
        "addr:housenumber": "4",
        "addr:postcode": "71000",
        "addr:street": "Trg Fra Grge Martića",
        "amenity": "restaurant",
        "check_date": "2026-08-16",
        "contact:facebook": "kloparestoran",
        "contact:instagram": "klopa.sarajevo",
        "cuisine": "italian;italian_pizza",
        "diet:vegan": "yes",
        "diet:vegetarian": "yes",
        "email": "info@restoranklopa.ba",
        "internet_access": "wlan",
        "level": "0",
        "name": "Klopa",
        "opening_hours": "Mo-Su 09:00-23:00",
        "payment:cash": "yes",
        "payment:credit_cards": "yes",
        "payment:debit_cards": "yes",
        "phone": "+387 33 223-633",
        "self_service": "no",
        "website": "http://www.restoranklopa.ba",
        "website:menu": "https://qr.master-fb.com/TQZCHRRQ",
        "wheelchair": "yes"
      },
      "geometry": {
        "type": "Point",
        "coordinates": [
          18.4252137,
          43.8591481
        ]
      },
      "id": "node/9116130414"
    },
    {
      "type": "Feature",
      "properties": {
        "@id": "node/9294750644",
        "addr:city": "Sarajevo",
        "addr:postcode": "71000",
        "addr:street": "Patriotske lige",
        "amenity": "cafe",
        "internet_access": "wlan",
        "internet_access:fee": "no",
        "name": "R Sport Centar",
        "opening_hours": "Mo-Su 07:00-00:00",
        "outdoor_seating": "yes",
        "website": "http://r-sportcentar.ba/"
      },
      "geometry": {
        "type": "Point",
        "coordinates": [
          18.4121859,
          43.8759985
        ]
      },
      "id": "node/9294750644"
    },
    {
      "type": "Feature",
      "properties": {
        "@id": "node/9380556809",
        "addr:city": "Sarajevo",
        "addr:housenumber": "4",
        "addr:postcode": "71000",
        "addr:street": "Zagrebačka",
        "air_conditioning": "yes",
        "amenity": "cafe",
        "name": "Juice & Smoothies",
        "opening_hours": "\"Totally random opening hours. Sometimes they don't open at all.\"",
        "outdoor_seating": "no",
        "smoking": "no"
      },
      "geometry": {
        "type": "Point",
        "coordinates": [
          18.4036757,
          43.8526861
        ]
      },
      "id": "node/9380556809"
    },
    {
      "type": "Feature",
      "properties": {
        "@id": "node/9452698356",
        "addr:city": "Istočna Ilidža",
        "addr:housenumber": "17",
        "addr:postcode": "71124",
        "addr:street": "Dabrobosanska",
        "amenity": "restaurant",
        "cuisine": "pizza;coffee_shop;burger;italian;sandwich;chicken",
        "diet:halal": "yes",
        "diet:vegan": "yes",
        "diet:vegetarian": "yes",
        "name": "Piazza A2 bar",
        "opening_hours": "Mo-Su 07:00-23:00",
        "phone": "+38766375741"
      },
      "geometry": {
        "type": "Point",
        "coordinates": [
          18.3565737,
          43.8252294
        ]
      },
      "id": "node/9452698356"
    },
    {
      "type": "Feature",
      "properties": {
        "@id": "node/9452711004",
        "addr:city": "Istočna Ilidža",
        "addr:postcode": "71124",
        "addr:street": "Šetalište dr Miodraga Lazića",
        "amenity": "cafe",
        "internet_access": "wlan",
        "internet_access:fee": "no",
        "name": "Hookah Bar \"The Crown\"",
        "note": "Hookah Bar",
        "opening_hours": "Mo-Su 07:00-23:00"
      },
      "geometry": {
        "type": "Point",
        "coordinates": [
          18.3571114,
          43.8250338
        ]
      },
      "id": "node/9452711004"
    },
    {
      "type": "Feature",
      "properties": {
        "@id": "node/9551683284",
        "addr:city": "Sarajevo",
        "addr:housenumber": "32",
        "addr:postcode": "71000",
        "addr:street": "Envera Šehovića",
        "amenity": "cafe",
        "internet_access": "yes",
        "name": "Caffe & Snack bar KVART",
        "opening_hours": "Mo-Su 07:00-23:00",
        "outdoor_seating": "yes",
        "phone": "+38761476761",
        "website": "https://www.instagram.com/kvartcaffe/"
      },
      "geometry": {
        "type": "Point",
        "coordinates": [
          18.3814856,
          43.8533943
        ]
      },
      "id": "node/9551683284"
    },
    {
      "type": "Feature",
      "properties": {
        "@id": "node/9655798522",
        "addr:city": "Sarajevo",
        "addr:housenumber": "5",
        "addr:postcode": "71000",
        "addr:street": "Mudželiti veliki",
        "amenity": "cafe",
        "internet_access": "wlan",
        "internet_access:fee": "no",
        "name": "Hookah Lounge Grace",
        "opening_hours": "Mo-Su 08:00-02:00",
        "phone": "+38762574574"
      },
      "geometry": {
        "type": "Point",
        "coordinates": [
          18.4286707,
          43.8589759
        ]
      },
      "id": "node/9655798522"
    },
    {
      "type": "Feature",
      "properties": {
        "@id": "node/9664492039",
        "addr:city": "Sarajevo",
        "addr:housenumber": "9",
        "addr:postcode": "71000",
        "addr:street": "Zelenih beretki",
        "amenity": "cafe",
        "cuisine": "pizza;burger;italian;coffee_shop",
        "internet_access": "yes",
        "name": "Asta Cafe&Restaurant",
        "opening_hours": "Mo-Su 07:00-23:00",
        "outdoor_seating": "yes",
        "phone": "+387 (0)33 252 100"
      },
      "geometry": {
        "type": "Point",
        "coordinates": [
          18.4267035,
          43.85827
        ]
      },
      "id": "node/9664492039"
    },
    {
      "type": "Feature",
      "properties": {
        "@id": "node/9790364217",
        "amenity": "cafe",
        "name": "Fabrika"
      },
      "geometry": {
        "type": "Point",
        "coordinates": [
          18.4204693,
          43.859123
        ]
      },
      "id": "node/9790364217"
    },
    {
      "type": "Feature",
      "properties": {
        "@id": "node/9811345609",
        "amenity": "bar",
        "name": "El-Kasbah"
      },
      "geometry": {
        "type": "Point",
        "coordinates": [
          18.4306244,
          43.8593996
        ]
      },
      "id": "node/9811345609"
    },
    {
      "type": "Feature",
      "properties": {
        "@id": "node/9811391320",
        "amenity": "restaurant",
        "check_date": "2023-10-23",
        "contact:facebook": "Restoran Dženita",
        "contact:instagram": "restorandzenita",
        "internet_access": "wlan",
        "internet_access:ssid": "DZENITA1970",
        "name": "Dženita",
        "outdoor_seating": "yes"
      },
      "geometry": {
        "type": "Point",
        "coordinates": [
          18.4306198,
          43.8594037
        ]
      },
      "id": "node/9811391320"
    },
    {
      "type": "Feature",
      "properties": {
        "@id": "node/9823426317",
        "amenity": "restaurant",
        "cuisine": "regional",
        "name": "Ćevabdžinica Željo 3"
      },
      "geometry": {
        "type": "Point",
        "coordinates": [
          18.4298123,
          43.8588522
        ]
      },
      "id": "node/9823426317"
    },
    {
      "type": "Feature",
      "properties": {
        "@id": "node/9857858521",
        "addr:housenumber": "1",
        "addr:street": "Petrakijina",
        "amenity": "restaurant",
        "check_date": "2026-08-17",
        "contact:email": "zara.iz.duvara@gmail.com",
        "cuisine": "balkan",
        "diet:vegan": "yes",
        "diet:vegetarian": "yes",
        "level": "0",
        "name": "Žara iz Duvara",
        "name:en": "The Singing Nettle",
        "opening_hours": "Mo-Sa 14:00-22:30",
        "phone": "+38762147300",
        "self_service": "no",
        "website": "https://thesingingnettle.com"
      },
      "geometry": {
        "type": "Point",
        "coordinates": [
          18.4247628,
          43.8602017
        ]
      },
      "id": "node/9857858521"
    },
    {
      "type": "Feature",
      "properties": {
        "@id": "node/9909805826",
        "amenity": "cafe",
        "check_date": "2023-07-28",
        "internet_access": "wlan",
        "internet_access:fee": "customers",
        "name": "Divan",
        "outdoor_seating": "yes",
        "outdoor_seating:comfort": "weather_protection",
        "wheelchair": "limited"
      },
      "geometry": {
        "type": "Point",
        "coordinates": [
          18.4299466,
          43.8596105
        ]
      },
      "id": "node/9909805826"
    },
    {
      "type": "Feature",
      "properties": {
        "@id": "node/9942343763",
        "addr:floor": "3",
        "addr:housenumber": "1",
        "addr:street": "Vrbanja",
        "alt_name": "Kentucky Fried Chicken",
        "amenity": "fast_food",
        "brand": "KFC",
        "brand:wikidata": "Q524757",
        "check_date": "2024-07-21",
        "cuisine": "chicken",
        "level": "3",
        "name": "KFC",
        "name:en": "KFC",
        "name:hr": "KFC",
        "operator": "TASTRA Sarajevo",
        "payment:cash": "yes",
        "payment:credit_cards": "yes",
        "payment:debit_cards": "yes",
        "takeaway": "yes",
        "website": "https://www.kfc.co.ba/"
      },
      "geometry": {
        "type": "Point",
        "coordinates": [
          18.4077041,
          43.8553837
        ]
      },
      "id": "node/9942343763"
    },
    {
      "type": "Feature",
      "properties": {
        "@id": "node/9942892045",
        "amenity": "cafe",
        "name": "Mona Seraa"
      },
      "geometry": {
        "type": "Point",
        "coordinates": [
          18.3972805,
          43.853743
        ]
      },
      "id": "node/9942892045"
    },
    {
      "type": "Feature",
      "properties": {
        "@id": "node/9946479868",
        "amenity": "cafe",
        "name": "Poslastičarna Solun"
      },
      "geometry": {
        "type": "Point",
        "coordinates": [
          18.3541023,
          43.824184
        ]
      },
      "id": "node/9946479868"
    },
    {
      "type": "Feature",
      "properties": {
        "@id": "node/9991649723",
        "addr:housenumber": "26",
        "addr:street": "Čizmedžiluk",
        "amenity": "fast_food",
        "name": "Coffee & pancakes Komšiluk",
        "opening_hours": "Mo-Su 08:00-00:00"
      },
      "geometry": {
        "type": "Point",
        "coordinates": [
          18.4296102,
          43.8592988
        ]
      },
      "id": "node/9991649723"
    },
    {
      "type": "Feature",
      "properties": {
        "@id": "node/9992703961",
        "addr:housenumber": "1",
        "addr:street": "Jelića",
        "amenity": "restaurant",
        "contact:phone": "+387 62 802 000",
        "contact:website": "https://mrvica.ba/",
        "cuisine": "juice;ice_cream;cake;sandwich",
        "level": "0",
        "name": "Mrvica",
        "opening_hours": "Mo-Su 09:00-23:00",
        "takeaway": "yes",
        "toilets": "yes",
        "wheelchair": "limited"
      },
      "geometry": {
        "type": "Point",
        "coordinates": [
          18.4261147,
          43.8592611
        ]
      },
      "id": "node/9992703961"
    },
    {
      "type": "Feature",
      "properties": {
        "@id": "node/10021358418",
        "addr:housenumber": "25",
        "addr:postcode": "71000",
        "addr:street": "Zelenih beretki",
        "amenity": "bar",
        "name": "Sophie’s Garden",
        "opening_hours": "Mo-Sa 07:30-12:00; Su 00:00-24:00",
        "phone": "+38761257834"
      },
      "geometry": {
        "type": "Point",
        "coordinates": [
          18.4288156,
          43.8580433
        ]
      },
      "id": "node/10021358418"
    },
    {
      "type": "Feature",
      "properties": {
        "@id": "node/10031960818",
        "addr:housenumber": "12",
        "addr:postcode": "71000",
        "addr:street": "Ferhadija",
        "amenity": "pub",
        "check_date": "2026-04-03",
        "name": "Celtic Pub",
        "name:en": "Celtic Pub",
        "opening_hours": "Mo-Th 07:00-02:00; Fr-Sa 07:00-04:00; Su 07:00-01:00",
        "toilets": "yes",
        "toilets:wheelchair": "no"
      },
      "geometry": {
        "type": "Point",
        "coordinates": [
          18.4233258,
          43.8583884
        ]
      },
      "id": "node/10031960818"
    },
    {
      "type": "Feature",
      "properties": {
        "@id": "node/10031968217",
        "amenity": "bar",
        "contact:instagram": "shishabardeluxe",
        "name:en": "Shisha Bar Deluxe",
        "opening_hours": "Mo-Su 07:00-23:00"
      },
      "geometry": {
        "type": "Point",
        "coordinates": [
          18.4231877,
          43.8583543
        ]
      },
      "id": "node/10031968217"
    },
    {
      "type": "Feature",
      "properties": {
        "@id": "node/10031990917",
        "addr:housenumber": "12",
        "addr:postcode": "71000",
        "addr:street": "Sime Milutinovića",
        "amenity": "cafe",
        "check_date": "2026-05-14",
        "name": "Central Café",
        "name:en": "Central Caffe",
        "outdoor_seating": "yes",
        "payment:cards": "no",
        "payment:cash": "yes",
        "payment:credit_cards": "no",
        "payment:debit_cards": "no"
      },
      "geometry": {
        "type": "Point",
        "coordinates": [
          18.4266486,
          43.8581192
        ]
      },
      "id": "node/10031990917"
    },
    {
      "type": "Feature",
      "properties": {
        "@id": "node/10068912990",
        "amenity": "cafe",
        "name": "M CAFFE"
      },
      "geometry": {
        "type": "Point",
        "coordinates": [
          18.2414192,
          43.8471539
        ]
      },
      "id": "node/10068912990"
    },
    {
      "type": "Feature",
      "properties": {
        "@id": "node/10121785617",
        "amenity": "pub",
        "name": "Ime moje bivse"
      },
      "geometry": {
        "type": "Point",
        "coordinates": [
          18.4330371,
          43.8596144
        ]
      },
      "id": "node/10121785617"
    },
    {
      "type": "Feature",
      "properties": {
        "@id": "node/10262429309",
        "amenity": "restaurant",
        "cuisine": "burger;chicken;coffee_shop;fish;fish_and_chips;grill;ice_cream",
        "internet_access": "wlan",
        "name": "Gastro Pub 13",
        "opening_hours": "Su-Fr 07:00-23:59; Sa 11:00-21:00",
        "phone": "+38733833335"
      },
      "geometry": {
        "type": "Point",
        "coordinates": [
          18.3239837,
          43.840127
        ]
      },
      "id": "node/10262429309"
    },
    {
      "type": "Feature",
      "properties": {
        "@id": "node/10263490001",
        "amenity": "cafe",
        "check_date": "2022-12-15",
        "cuisine": "coffee_shop;regional",
        "internet_access": "wlan",
        "internet_access:fee": "customers",
        "name": "GoForPixy 3",
        "opening_hours": "08:00-20:00",
        "outdoor_seating": "yes",
        "payment:mastercard": "yes",
        "payment:visa": "yes",
        "phone": "+38760021181",
        "wheelchair": "no"
      },
      "geometry": {
        "type": "Point",
        "coordinates": [
          18.3536115,
          43.8192907
        ]
      },
      "id": "node/10263490001"
    },
    {
      "type": "Feature",
      "properties": {
        "@id": "node/10263573609",
        "amenity": "cafe",
        "internet_access": "wlan",
        "name": "GoForPixy 2",
        "opening_hours": "Mo-Su 08:00-20:00",
        "phone": "+38760021181"
      },
      "geometry": {
        "type": "Point",
        "coordinates": [
          18.3533901,
          43.8194488
        ]
      },
      "id": "node/10263573609"
    },
    {
      "type": "Feature",
      "properties": {
        "@id": "node/10266099109",
        "amenity": "restaurant",
        "internet_access": "wlan",
        "name": "Arapski Restoran Abuzadallah",
        "name:en": "Arabian Restaurant Abuzadallah",
        "opening_hours": "Mo-Su 08:00-23:59",
        "phone": "+38761095555",
        "website": "http://www.arabianrestaurant.net"
      },
      "geometry": {
        "type": "Point",
        "coordinates": [
          18.3081035,
          43.8293687
        ]
      },
      "id": "node/10266099109"
    },
    {
      "type": "Feature",
      "properties": {
        "@id": "node/10285714910",
        "addr:street": "Alipašina",
        "amenity": "restaurant",
        "name": "Kod Dvije Domaćice"
      },
      "geometry": {
        "type": "Point",
        "coordinates": [
          18.4115817,
          43.8605909
        ]
      },
      "id": "node/10285714910"
    },
    {
      "type": "Feature",
      "properties": {
        "@id": "node/10285720111",
        "addr:city": "Sarajevo",
        "addr:housenumber": "14",
        "addr:postcode": "71000",
        "addr:street": "Zaima Šarca",
        "amenity": "cafe",
        "check_date": "2025-07-09",
        "name": "Caffe bar Coshe",
        "opening_hours": "Mo-Su 07:00-00:00",
        "phone": "+38761088808"
      },
      "geometry": {
        "type": "Point",
        "coordinates": [
          18.4220061,
          43.8658128
        ]
      },
      "id": "node/10285720111"
    },
    {
      "type": "Feature",
      "properties": {
        "@id": "node/10293751109",
        "amenity": "restaurant",
        "check_date": "2026-03-06",
        "contact:facebook": "https://www.facebook.com/KolobaraHan",
        "cuisine": "traditional;regional;pizza;bbq",
        "indoor_seating": "yes",
        "internet_access": "wlan",
        "level": "0",
        "name": "Kolobara",
        "outdoor_seating": "yes"
      },
      "geometry": {
        "type": "Point",
        "coordinates": [
          18.4300716,
          43.8592946
        ]
      },
      "id": "node/10293751109"
    },
    {
      "type": "Feature",
      "properties": {
        "@id": "node/10315756902",
        "amenity": "bar"
      },
      "geometry": {
        "type": "Point",
        "coordinates": [
          18.3593921,
          43.8656815
        ]
      },
      "id": "node/10315756902"
    },
    {
      "type": "Feature",
      "properties": {
        "@id": "node/10320132960",
        "addr:city": "Sarajevo",
        "addr:housenumber": "35",
        "addr:postcode": "71000",
        "addr:street": "Braće Begić",
        "amenity": "restaurant",
        "name": "Restoran \"Kan\"",
        "phone": "+387 62 249 388",
        "website": "https://www.facebook.com/profile.php?id=100088522366444"
      },
      "geometry": {
        "type": "Point",
        "coordinates": [
          18.404404,
          43.8644842
        ]
      },
      "id": "node/10320132960"
    },
    {
      "type": "Feature",
      "properties": {
        "@id": "node/10565803201",
        "amenity": "cafe",
        "brand": "Caribou Coffee",
        "brand:wikidata": "Q5039494",
        "cuisine": "coffee_shop",
        "name": "Caribou Coffee",
        "takeaway": "yes"
      },
      "geometry": {
        "type": "Point",
        "coordinates": [
          18.3100859,
          43.8295248
        ]
      },
      "id": "node/10565803201"
    },
    {
      "type": "Feature",
      "properties": {
        "@id": "node/10565803202",
        "amenity": "cafe",
        "brand": "Caribou Coffee",
        "brand:wikidata": "Q5039494",
        "cuisine": "coffee_shop",
        "name": "Caribou Coffee",
        "takeaway": "yes"
      },
      "geometry": {
        "type": "Point",
        "coordinates": [
          18.4072187,
          43.8561688
        ]
      },
      "id": "node/10565803202"
    },
    {
      "type": "Feature",
      "properties": {
        "@id": "node/10600847806",
        "addr:street": "Avde Sumbula",
        "amenity": "restaurant",
        "name": "Restoran Baoli"
      },
      "geometry": {
        "type": "Point",
        "coordinates": [
          18.4158013,
          43.8637333
        ]
      },
      "id": "node/10600847806"
    },
    {
      "type": "Feature",
      "properties": {
        "@id": "node/10601082906",
        "addr:street": "Merhemića trg",
        "amenity": "cafe",
        "name": "Caffe  \"City bar\""
      },
      "geometry": {
        "type": "Point",
        "coordinates": [
          18.4097788,
          43.8657367
        ]
      },
      "id": "node/10601082906"
    },
    {
      "type": "Feature",
      "properties": {
        "@id": "node/10601138405",
        "addr:street": "Džidžikovac",
        "amenity": "cafe",
        "name": "Caffe bar \"Que Passa\""
      },
      "geometry": {
        "type": "Point",
        "coordinates": [
          18.4166108,
          43.8615428
        ]
      },
      "id": "node/10601138405"
    },
    {
      "type": "Feature",
      "properties": {
        "@id": "node/10619841105",
        "amenity": "cafe",
        "name": "Cafe CapCarap"
      },
      "geometry": {
        "type": "Point",
        "coordinates": [
          18.3984787,
          43.8495766
        ]
      },
      "id": "node/10619841105"
    },
    {
      "type": "Feature",
      "properties": {
        "@id": "node/10672617505",
        "addr:housenumber": "26",
        "amenity": "fast_food",
        "name": "Fastfood Nane"
      },
      "geometry": {
        "type": "Point",
        "coordinates": [
          18.2576985,
          43.8398453
        ]
      },
      "id": "node/10672617505"
    },
    {
      "type": "Feature",
      "properties": {
        "@id": "node/10675014605",
        "addr:housenumber": "1",
        "addr:street": "Husrefa Redžića",
        "amenity": "restaurant",
        "name": "Restoran Augusta Brauna"
      },
      "geometry": {
        "type": "Point",
        "coordinates": [
          18.4110039,
          43.8637419
        ]
      },
      "id": "node/10675014605"
    },
    {
      "type": "Feature",
      "properties": {
        "@id": "node/10675912529",
        "amenity": "cafe",
        "name": "Andalucia"
      },
      "geometry": {
        "type": "Point",
        "coordinates": [
          18.3850879,
          43.8573684
        ]
      },
      "id": "node/10675912529"
    },
    {
      "type": "Feature",
      "properties": {
        "@id": "node/10702980676",
        "amenity": "cafe",
        "name": "D-Moll"
      },
      "geometry": {
        "type": "Point",
        "coordinates": [
          18.3111612,
          43.8292661
        ]
      },
      "id": "node/10702980676"
    },
    {
      "type": "Feature",
      "properties": {
        "@id": "node/10702980677",
        "amenity": "restaurant",
        "name": "Only One"
      },
      "geometry": {
        "type": "Point",
        "coordinates": [
          18.311461,
          43.8289317
        ]
      },
      "id": "node/10702980677"
    },
    {
      "type": "Feature",
      "properties": {
        "@id": "node/10703011218",
        "amenity": "internet_cafe",
        "name": "Friendly Fire",
        "website": "https://friendlyfireesports.com/"
      },
      "geometry": {
        "type": "Point",
        "coordinates": [
          18.3994735,
          43.8549977
        ]
      },
      "id": "node/10703011218"
    },
    {
      "type": "Feature",
      "properties": {
        "@id": "node/10724619148",
        "amenity": "restaurant",
        "name": "METROPOLIS Family"
      },
      "geometry": {
        "type": "Point",
        "coordinates": [
          18.3546702,
          43.8504865
        ]
      },
      "id": "node/10724619148"
    },
    {
      "type": "Feature",
      "properties": {
        "@id": "node/10759271397",
        "amenity": "restaurant",
        "check_date": "2026-04-04",
        "indoor_seating": "yes",
        "level": "0",
        "name:signed": "no",
        "operator": "SDC doo",
        "outdoor_seating": "yes",
        "payment:cards": "yes",
        "payment:cash": "yes",
        "payment:credit_cards": "yes",
        "payment:debit_cards": "yes"
      },
      "geometry": {
        "type": "Point",
        "coordinates": [
          18.4377213,
          43.8614951
        ]
      },
      "id": "node/10759271397"
    },
    {
      "type": "Feature",
      "properties": {
        "@id": "node/10769146703",
        "amenity": "fast_food",
        "check_date": "2023-03-28",
        "cuisine": "chicken",
        "level": "0",
        "name": "Pečeno pile",
        "name:sr": "Pečeno pile"
      },
      "geometry": {
        "type": "Point",
        "coordinates": [
          18.440855,
          43.8623875
        ]
      },
      "id": "node/10769146703"
    },
    {
      "type": "Feature",
      "properties": {
        "@id": "node/10842253005",
        "addr:housenumber": "16",
        "addr:street": "Dženetića čikma",
        "amenity": "cafe",
        "contact:instagram": "https://www.instagram.com/kawasarajevo/?hl=en",
        "internet_access": "wlan",
        "name": "Kawa",
        "opening_hours": "Mo-Sa 08:00-23:00; Su 10:00-16:00",
        "outdoor_seating": "yes",
        "phone": "+387 33 742704",
        "smoking": "outside"
      },
      "geometry": {
        "type": "Point",
        "coordinates": [
          18.4230299,
          43.8601572
        ]
      },
      "id": "node/10842253005"
    },
    {
      "type": "Feature",
      "properties": {
        "@id": "node/10857946905",
        "addr:housenumber": "11",
        "addr:street": "Husrefa Redžića",
        "amenity": "restaurant",
        "diet:vegan": "yes",
        "internet_access": "wlan",
        "name": "Zelena Sredina",
        "name:en": "Zelena Sredina",
        "phone": "0603078422"
      },
      "geometry": {
        "type": "Point",
        "coordinates": [
          18.4084151,
          43.8654854
        ]
      },
      "id": "node/10857946905"
    },
    {
      "type": "Feature",
      "properties": {
        "@id": "node/10881757705",
        "addr:city": "Sarajevo",
        "addr:housenumber": "1",
        "addr:postcode": "71000",
        "addr:street": "Čobanija",
        "amenity": "fast_food",
        "check_date": "2025-10-21",
        "contact:instagram": "Veganer_sarajevo",
        "cuisine": "burger;fries;american;western",
        "diet:gluten_free": "yes",
        "diet:vegan": "yes",
        "internet_access": "wlan",
        "level": "0",
        "name": "Veganer",
        "name:en": "Veganer Fast-food",
        "opening_hours": "Mo 10:00-23:00; Di-Fr 09:00-23:00; Sa 10:00-23:00; So 12:00-21:00",
        "panoramax": "7477c75a-dd15-4f13-abb2-023435322831",
        "payment:cash": "yes",
        "payment:credit_cards": "yes",
        "phone": "+38733831417",
        "smoking": "no",
        "website": "https://veganer.ba/"
      },
      "geometry": {
        "type": "Point",
        "coordinates": [
          18.4205503,
          43.8560442
        ]
      },
      "id": "node/10881757705"
    },
    {
      "type": "Feature",
      "properties": {
        "@id": "node/10958470132",
        "addr:city": "Sarajevo",
        "addr:postcode": "71000",
        "addr:street": "Čekaluša",
        "amenity": "bar",
        "bar": "yes",
        "name": "Piramida",
        "operational_status": "closed"
      },
      "geometry": {
        "type": "Point",
        "coordinates": [
          18.4190353,
          43.8614522
        ]
      },
      "id": "node/10958470132"
    },
    {
      "type": "Feature",
      "properties": {
        "@id": "node/10958470133",
        "addr:city": "Sarajevo",
        "addr:housenumber": "3",
        "addr:postcode": "71000",
        "addr:street": "Čekaluša",
        "amenity": "bar",
        "bar": "yes",
        "name": "Bugatti",
        "opening_hours": "Mo-Su 09:00-24:00",
        "operational_status": "open",
        "source": "private"
      },
      "geometry": {
        "type": "Point",
        "coordinates": [
          18.4190023,
          43.8613189
        ]
      },
      "id": "node/10958470133"
    },
    {
      "type": "Feature",
      "properties": {
        "@id": "node/10958552822",
        "addr:city": "Sarajevo",
        "addr:postcode": "71000",
        "addr:street": "Gabelina",
        "amenity": "bar",
        "name": "CDA"
      },
      "geometry": {
        "type": "Point",
        "coordinates": [
          18.4152104,
          43.8635753
        ]
      },
      "id": "node/10958552822"
    },
    {
      "type": "Feature",
      "properties": {
        "@id": "node/10958552823",
        "addr:city": "Sarajevo",
        "addr:postcode": "71000",
        "addr:street": "Gabelina",
        "amenity": "cafe",
        "cuisine": "sandwich;cake;dessert;flapjacks;juice;pancake;coffee_shop",
        "name": "Milk-Bar"
      },
      "geometry": {
        "type": "Point",
        "coordinates": [
          18.4147329,
          43.8636265
        ]
      },
      "id": "node/10958552823"
    },
    {
      "type": "Feature",
      "properties": {
        "@id": "node/11005414418",
        "amenity": "bar",
        "check_date": "2025-10-22",
        "internet_access": "wlan",
        "internet_access:fee": "no",
        "level": "0",
        "name": "East West",
        "opening_hours": "Mo-Sa 07:00-24:00; Su 08:15-22:00; PH closed",
        "outdoor_seating": "yes",
        "smoking": "yes",
        "toilets:wheelchair": "no",
        "wheelchair": "limited"
      },
      "geometry": {
        "type": "Point",
        "coordinates": [
          18.4172427,
          43.8579395
        ]
      },
      "id": "node/11005414418"
    },
    {
      "type": "Feature",
      "properties": {
        "@id": "node/11023542764",
        "amenity": "cafe"
      },
      "geometry": {
        "type": "Point",
        "coordinates": [
          18.4127782,
          43.864266
        ]
      },
      "id": "node/11023542764"
    },
    {
      "type": "Feature",
      "properties": {
        "@id": "node/11026900178",
        "amenity": "restaurant",
        "name": "Buregdžinica Bosna"
      },
      "geometry": {
        "type": "Point",
        "coordinates": [
          18.3785693,
          43.8512802
        ]
      },
      "id": "node/11026900178"
    },
    {
      "type": "Feature",
      "properties": {
        "@id": "node/11026900184",
        "amenity": "bar",
        "name": "Charlie Chaplin"
      },
      "geometry": {
        "type": "Point",
        "coordinates": [
          18.3784153,
          43.8509203
        ]
      },
      "id": "node/11026900184"
    },
    {
      "type": "Feature",
      "properties": {
        "@id": "node/11026900187",
        "amenity": "cafe",
        "name": "Argelini"
      },
      "geometry": {
        "type": "Point",
        "coordinates": [
          18.3801902,
          43.8514933
        ]
      },
      "id": "node/11026900187"
    },
    {
      "type": "Feature",
      "properties": {
        "@id": "node/11026943921",
        "amenity": "cafe",
        "name": "Orient"
      },
      "geometry": {
        "type": "Point",
        "coordinates": [
          18.3782324,
          43.8523748
        ]
      },
      "id": "node/11026943921"
    },
    {
      "type": "Feature",
      "properties": {
        "@id": "node/11026943924",
        "amenity": "cafe",
        "name": "Mon Cheri"
      },
      "geometry": {
        "type": "Point",
        "coordinates": [
          18.3776547,
          43.851725
        ]
      },
      "id": "node/11026943924"
    },
    {
      "type": "Feature",
      "properties": {
        "@id": "node/11026943925",
        "amenity": "restaurant",
        "cuisine": "barbecue",
        "name": "Omnia"
      },
      "geometry": {
        "type": "Point",
        "coordinates": [
          18.3775993,
          43.8518805
        ]
      },
      "id": "node/11026943925"
    },
    {
      "type": "Feature",
      "properties": {
        "@id": "node/11039773890",
        "air_conditioning": "yes",
        "amenity": "cafe",
        "bar": "no",
        "check_date": "2023-07-28",
        "internet_access": "wlan",
        "internet_access:fee": "customers",
        "internet_access:ssid": "Coffee2go",
        "name": "coffee2go",
        "opening_hours": "Mo-Fr 09:00-21:00; Sa, Su 09:00-17:00",
        "outdoor_seating": "yes",
        "payment:mastercard": "yes",
        "payment:visa": "yes",
        "payment:visa_debit": "yes",
        "takeaway": "yes",
        "toilets": "yes",
        "toilets:handwashing": "yes",
        "toilets:wheelchair": "yes",
        "wheelchair": "yes"
      },
      "geometry": {
        "type": "Point",
        "coordinates": [
          18.4501505,
          43.8400901
        ]
      },
      "id": "node/11039773890"
    },
    {
      "type": "Feature",
      "properties": {
        "@id": "node/11044363168",
        "addr:city": "Sarajevo",
        "addr:housenumber": "1",
        "addr:postcode": "71000",
        "addr:street": "Vrbanja",
        "amenity": "fast_food",
        "brand": "Burger King",
        "brand:wikidata": "Q177054",
        "cuisine": "burger",
        "drive_through": "no",
        "indoor_seating": "yes",
        "name": "Burger King",
        "opening_hours": "Mo-Su 10:00-22:00",
        "operator": "Buçaj Retail (American Foods d.o.o.)",
        "outdoor_seating": "no",
        "takeaway": "yes"
      },
      "geometry": {
        "type": "Point",
        "coordinates": [
          18.4080291,
          43.8553987
        ]
      },
      "id": "node/11044363168"
    },
    {
      "type": "Feature",
      "properties": {
        "@id": "node/11049082699",
        "addr:city": "Sarajevo",
        "addr:postcode": "71000",
        "amenity": "fast_food",
        "drive_through": "no",
        "level": "3",
        "name": "BASH",
        "operator": "A.W.G d.o.o.",
        "phone": "+387 33 745 932",
        "website": "https://www.bash.ba/"
      },
      "geometry": {
        "type": "Point",
        "coordinates": [
          18.408444,
          43.8555082
        ]
      },
      "id": "node/11049082699"
    },
    {
      "type": "Feature",
      "properties": {
        "@id": "node/11077472571",
        "amenity": "restaurant",
        "name": "Konoba Stari Točak"
      },
      "geometry": {
        "type": "Point",
        "coordinates": [
          18.3289392,
          43.8325137
        ]
      },
      "id": "node/11077472571"
    },
    {
      "type": "Feature",
      "properties": {
        "@id": "node/11089263100",
        "amenity": "restaurant",
        "check_date": "2025-10-31",
        "check_date:opening_hours": "2025-10-31",
        "cuisine": "brunch",
        "indoor_seating": "yes",
        "internet_access": "wlan",
        "internet_access:ssid": "brunchsa23",
        "level": "0",
        "name": "Brunch sa",
        "opening_hours": "Tu-Sa 07:00-16:00; Mo 08:00-16:00; Su 09:00-16:00",
        "outdoor_seating": "yes",
        "panoramax": "a0a5bb2d-b9e5-44c9-8871-85c7a142751a",
        "panoramax:0": "7084ab9f-ead1-48a2-9914-032aea542d51",
        "payment:cash": "yes",
        "payment:credit_cards": "yes",
        "payment:debit_cards": "yes",
        "smoking": "outside",
        "website": "https://brunchsa.ba/",
        "website:menu": "https://brunchsa.ba/qr-menu/"
      },
      "geometry": {
        "type": "Point",
        "coordinates": [
          18.4281013,
          43.8596358
        ]
      },
      "id": "node/11089263100"
    },
    {
      "type": "Feature",
      "properties": {
        "@id": "node/11091090906",
        "addr:city": "Sarajevo",
        "addr:housenumber": "1",
        "addr:postcode": "71000",
        "addr:street": "Čobanija",
        "amenity": "cafe",
        "contact:instagram": "https://instagram.com/so_i_cokolada/",
        "name": "So I čokolada",
        "opening_hours": "Mo-Su 08:00-22:00",
        "phone": "+38762878310"
      },
      "geometry": {
        "type": "Point",
        "coordinates": [
          18.4206104,
          43.8558521
        ]
      },
      "id": "node/11091090906"
    },
    {
      "type": "Feature",
      "properties": {
        "@id": "node/11091964365",
        "addr:city": "Sarajevo",
        "addr:housenumber": "66",
        "addr:postcode": "71000",
        "addr:street": "Strossmayerova",
        "alt_name": "Kentucky Fried Chicken",
        "amenity": "fast_food",
        "brand": "KFC",
        "brand:wikidata": "Q524757",
        "cuisine": "chicken",
        "drive_through": "no",
        "name": "KFC",
        "opening_hours": "Mo-Su 09:00-23:00",
        "operator": "TASTRA",
        "takeaway": "yes",
        "website": "https://www.kfc.co.ba/"
      },
      "geometry": {
        "type": "Point",
        "coordinates": [
          18.4257064,
          43.8581364
        ]
      },
      "id": "node/11091964365"
    },
    {
      "type": "Feature",
      "properties": {
        "@id": "node/11099852505",
        "amenity": "restaurant",
        "name": "Sač",
        "smoking": "outside"
      },
      "geometry": {
        "type": "Point",
        "coordinates": [
          18.4300337,
          43.8587359
        ]
      },
      "id": "node/11099852505"
    },
    {
      "type": "Feature",
      "properties": {
        "@id": "node/11104735063",
        "amenity": "restaurant",
        "cuisine": "italian",
        "diet:vegetarian": "yes",
        "name": "Blanco",
        "phone": "+38733867900"
      },
      "geometry": {
        "type": "Point",
        "coordinates": [
          18.4157903,
          43.8575099
        ]
      },
      "id": "node/11104735063"
    },
    {
      "type": "Feature",
      "properties": {
        "@id": "node/11159424025",
        "amenity": "cafe",
        "contact:facebook": "https://www.facebook.com/profile.php?id=100088476644505",
        "name": "Lateral",
        "opening_hours": "Mo-Fr 07:00-22:00; Sa-Su 10:00-22:00"
      },
      "geometry": {
        "type": "Point",
        "coordinates": [
          18.3231235,
          43.8398316
        ]
      },
      "id": "node/11159424025"
    },
    {
      "type": "Feature",
      "properties": {
        "@id": "node/11159733633",
        "amenity": "restaurant",
        "name": "Vrelo Bosne"
      },
      "geometry": {
        "type": "Point",
        "coordinates": [
          18.2671888,
          43.8210446
        ]
      },
      "id": "node/11159733633"
    },
    {
      "type": "Feature",
      "properties": {
        "@id": "node/11199479337",
        "addr:city": "Sarajevo",
        "addr:country": "BA",
        "addr:housenumber": "13",
        "addr:postcode": "71000",
        "addr:street": "Tina Ujevića",
        "amenity": "restaurant",
        "building": "yes",
        "capacity": "50",
        "cuisine": "international",
        "name": "Restoran Mala Kuhinja",
        "opening_hours": "Mo-Sa 10:00-23:00; Su off",
        "phone": "+38733839613",
        "smoking": "yes",
        "website": "https://www.malakuhinja.ba/"
      },
      "geometry": {
        "type": "Point",
        "coordinates": [
          18.4176305,
          43.8609968
        ]
      },
      "id": "node/11199479337"
    },
    {
      "type": "Feature",
      "properties": {
        "@id": "node/11199479338",
        "amenity": "restaurant",
        "name": "Noovi Food and Wine Buffet",
        "opening_hours": "Mo 13:00-23:00; Tu-Fr 00:00-23:00; Sa-Su 13:00-23:00"
      },
      "geometry": {
        "type": "Point",
        "coordinates": [
          18.4175382,
          43.8609906
        ]
      },
      "id": "node/11199479338"
    },
    {
      "type": "Feature",
      "properties": {
        "@id": "node/11245849640",
        "addr:housenumber": "32",
        "addr:postcode": "71000",
        "addr:street": "Sarači",
        "amenity": "cafe",
        "internet_access": "wlan",
        "name:en": "Fabrika Coffee",
        "opening_hours": "Mo-Su 07:00-22:00",
        "website": "https://fabrikacoffee.com/"
      },
      "geometry": {
        "type": "Point",
        "coordinates": [
          18.4297568,
          43.8593976
        ]
      },
      "id": "node/11245849640"
    },
    {
      "type": "Feature",
      "properties": {
        "@id": "node/11253112710",
        "amenity": "cafe",
        "name": "Hotel Europe"
      },
      "geometry": {
        "type": "Point",
        "coordinates": [
          18.4277115,
          43.8586591
        ]
      },
      "id": "node/11253112710"
    },
    {
      "type": "Feature",
      "properties": {
        "@id": "node/11253112711",
        "amenity": "bar",
        "name": "Deco Bar",
        "opening_hours": "Mo-Su 08:00-23:00"
      },
      "geometry": {
        "type": "Point",
        "coordinates": [
          18.4262076,
          43.8580754
        ]
      },
      "id": "node/11253112711"
    },
    {
      "type": "Feature",
      "properties": {
        "@id": "node/11253112714",
        "amenity": "restaurant",
        "name": "Restoran Amerikanac"
      },
      "geometry": {
        "type": "Point",
        "coordinates": [
          18.4183371,
          43.8584304
        ]
      },
      "id": "node/11253112714"
    },
    {
      "type": "Feature",
      "properties": {
        "@id": "node/11253112715",
        "amenity": "restaurant",
        "check_date": "2024-06-30",
        "level": "0",
        "name": "Čevabdžinica Beg",
        "name:bs": "Čevabdžinica Beg",
        "payment:cards": "no",
        "payment:cash": "yes",
        "payment:credit_cards": "no",
        "payment:debit_cards": "no"
      },
      "geometry": {
        "type": "Point",
        "coordinates": [
          18.4288039,
          43.8589122
        ]
      },
      "id": "node/11253112715"
    },
    {
      "type": "Feature",
      "properties": {
        "@id": "node/11253112724",
        "amenity": "cafe",
        "name": "Carlsberg Beer Garden"
      },
      "geometry": {
        "type": "Point",
        "coordinates": [
          18.3883001,
          43.8519337
        ]
      },
      "id": "node/11253112724"
    },
    {
      "type": "Feature",
      "properties": {
        "@id": "node/11414257098",
        "addr:city": "Istočno Sarajevo",
        "addr:housenumber": "9",
        "addr:postcode": "71123",
        "addr:street": "Dečanska",
        "amenity": "cafe",
        "internet_access": "yes",
        "internet_access:fee": "no",
        "name": "Ma Lu",
        "outdoor_seating": "yes"
      },
      "geometry": {
        "type": "Point",
        "coordinates": [
          18.3639333,
          43.8169324
        ]
      },
      "id": "node/11414257098"
    },
    {
      "type": "Feature",
      "properties": {
        "@id": "node/11414258285",
        "amenity": "restaurant",
        "name": "Central"
      },
      "geometry": {
        "type": "Point",
        "coordinates": [
          18.3638065,
          43.8177716
        ]
      },
      "id": "node/11414258285"
    },
    {
      "type": "Feature",
      "properties": {
        "@id": "node/11414258286",
        "amenity": "fast_food",
        "fast_food": "cafeteria",
        "name": "Nom Nom"
      },
      "geometry": {
        "type": "Point",
        "coordinates": [
          18.3641724,
          43.8180986
        ]
      },
      "id": "node/11414258286"
    },
    {
      "type": "Feature",
      "properties": {
        "@id": "node/11423457803",
        "addr:city": "Ilidža",
        "addr:postcode": "71000",
        "addr:street": "Butmirska cesta",
        "amenity": "fast_food",
        "brand": "Burger King",
        "brand:wikidata": "Q177054",
        "cuisine": "burger",
        "drive_through": "no",
        "name": "Burger King",
        "operator": "Buçaj Retail (American Foods d.o.o.)",
        "takeaway": "yes"
      },
      "geometry": {
        "type": "Point",
        "coordinates": [
          18.3112297,
          43.8292427
        ]
      },
      "id": "node/11423457803"
    },
    {
      "type": "Feature",
      "properties": {
        "@id": "node/11553891887",
        "amenity": "restaurant",
        "cuisine": "regional",
        "mobile": "+387 61 140 790",
        "name": "Mado",
        "opening_hours": "Mo-Su 07:00-23:00",
        "website": "https://www.madobosna.com/"
      },
      "geometry": {
        "type": "Point",
        "coordinates": [
          18.4327799,
          43.8527363
        ]
      },
      "id": "node/11553891887"
    },
    {
      "type": "Feature",
      "properties": {
        "@id": "node/11553891888",
        "amenity": "cafe",
        "cuisine": "coffee_shop",
        "name": "Mado",
        "website": "https://www.madobosna.com/"
      },
      "geometry": {
        "type": "Point",
        "coordinates": [
          18.3003156,
          43.830532
        ]
      },
      "id": "node/11553891888"
    },
    {
      "type": "Feature",
      "properties": {
        "@id": "node/11582270370",
        "addr:city": "Sarajevo",
        "addr:housenumber": "1",
        "addr:postcode": "71000",
        "addr:street": "Čobanija",
        "amenity": "restaurant",
        "check_date": "2025-07-08",
        "cuisine": "japanese;sushi",
        "name": "Arigato Sushi",
        "name:en": "Arigato susi",
        "opening_hours": "Mo-Fr 10:00-23:00; Sa 12:00-23:00",
        "phone": "+38762991525"
      },
      "geometry": {
        "type": "Point",
        "coordinates": [
          18.4205198,
          43.8561205
        ]
      },
      "id": "node/11582270370"
    },
    {
      "type": "Feature",
      "properties": {
        "@id": "node/11607715969",
        "amenity": "restaurant",
        "cuisine": "asian;breakfast;burger;chicken;italian;italian_pizza;local",
        "internet_access": "wlan",
        "name:en": "BarSa - Pizzeria Restaurant"
      },
      "geometry": {
        "type": "Point",
        "coordinates": [
          18.4269744,
          43.8581716
        ]
      },
      "id": "node/11607715969"
    },
    {
      "type": "Feature",
      "properties": {
        "@id": "node/11652566964",
        "amenity": "pub",
        "contact:facebook": "https://www.facebook.com/VikingPubSarajevo/",
        "name": "Viking Pub",
        "opening_hours": "Mo-Su 08:00-01:00",
        "smoking": "yes"
      },
      "geometry": {
        "type": "Point",
        "coordinates": [
          18.4266583,
          43.8567413
        ]
      },
      "id": "node/11652566964"
    },
    {
      "type": "Feature",
      "properties": {
        "@id": "node/11662336966",
        "amenity": "restaurant",
        "check_date": "2024-06-16",
        "name": "Nomad"
      },
      "geometry": {
        "type": "Point",
        "coordinates": [
          18.3623687,
          43.8220715
        ]
      },
      "id": "node/11662336966"
    },
    {
      "type": "Feature",
      "properties": {
        "@id": "node/11662336967",
        "amenity": "bar",
        "name": "Metro pub"
      },
      "geometry": {
        "type": "Point",
        "coordinates": [
          18.3626116,
          43.8219781
        ]
      },
      "id": "node/11662336967"
    },
    {
      "type": "Feature",
      "properties": {
        "@id": "node/11662336968",
        "amenity": "bar",
        "name": "King of the Irish Pub"
      },
      "geometry": {
        "type": "Point",
        "coordinates": [
          18.3624237,
          43.8224431
        ]
      },
      "id": "node/11662336968"
    },
    {
      "type": "Feature",
      "properties": {
        "@id": "node/11828239100",
        "amenity": "restaurant",
        "name": "Shane"
      },
      "geometry": {
        "type": "Point",
        "coordinates": [
          18.3562093,
          43.8258359
        ]
      },
      "id": "node/11828239100"
    },
    {
      "type": "Feature",
      "properties": {
        "@id": "node/11887100080",
        "amenity": "restaurant",
        "cuisine": "bosnian;burek;ćevap",
        "name": "Burgedžinica i Ćevapbdžinica \"Sofra\""
      },
      "geometry": {
        "type": "Point",
        "coordinates": [
          18.3656451,
          43.8525852
        ]
      },
      "id": "node/11887100080"
    },
    {
      "type": "Feature",
      "properties": {
        "@id": "node/11903865995",
        "amenity": "restaurant",
        "name": "Cocolino"
      },
      "geometry": {
        "type": "Point",
        "coordinates": [
          18.3698515,
          43.8293983
        ]
      },
      "id": "node/11903865995"
    },
    {
      "type": "Feature",
      "properties": {
        "@id": "node/11951273319",
        "amenity": "cafe",
        "name": "Mauricius",
        "opening_hours": "Mo-Sa 06:00-22:00; Su 10:00-18:00",
        "payment:cash": "only"
      },
      "geometry": {
        "type": "Point",
        "coordinates": [
          18.399076,
          43.8600237
        ]
      },
      "id": "node/11951273319"
    },
    {
      "type": "Feature",
      "properties": {
        "@id": "node/11954101004",
        "amenity": "fast_food",
        "name": "Chipas Concept",
        "opening_hours": "Mo-Sa 08:00-23:00",
        "operator": "The Service d.o.o."
      },
      "geometry": {
        "type": "Point",
        "coordinates": [
          18.3882706,
          43.8553905
        ]
      },
      "id": "node/11954101004"
    },
    {
      "type": "Feature",
      "properties": {
        "@id": "node/11954147280",
        "amenity": "cafe",
        "name": "Since 2K23 Concept",
        "outdoor_seating": "yes"
      },
      "geometry": {
        "type": "Point",
        "coordinates": [
          18.3994261,
          43.8528768
        ]
      },
      "id": "node/11954147280"
    },
    {
      "type": "Feature",
      "properties": {
        "@id": "node/11956538385",
        "amenity": "cafe"
      },
      "geometry": {
        "type": "Point",
        "coordinates": [
          18.4972958,
          43.8780107
        ]
      },
      "id": "node/11956538385"
    },
    {
      "type": "Feature",
      "properties": {
        "@id": "node/11975169669",
        "addr:city": "Sarajevo",
        "addr:country": "BA",
        "addr:housenumber": "2",
        "addr:postcode": "71000",
        "addr:street": "Marka Marulića",
        "amenity": "restaurant",
        "check_date": "2025-07-08",
        "cuisine": "european;western",
        "diet:vegan": "yes",
        "diet:vegetarian": "yes",
        "internet_access": "wlan",
        "name": "Bistro Zdravo",
        "opening_hours": "Mo-Fr 09:00-16:00; Sa 10:00-16:00",
        "phone": "+387603482838",
        "website": "https://bistrozdravo.com/"
      },
      "geometry": {
        "type": "Point",
        "coordinates": [
          18.3830392,
          43.8562462
        ]
      },
      "id": "node/11975169669"
    },
    {
      "type": "Feature",
      "properties": {
        "@id": "node/12033142433",
        "addr:city": "Sarajevo",
        "addr:housenumber": "5",
        "addr:postcode": "71000",
        "addr:street": "Kulovića",
        "amenity": "fast_food",
        "drive_through": "no",
        "name": "BASH",
        "operator": "AWG",
        "phone": "+387 33 745 935",
        "website": "https://www.bash.ba/"
      },
      "geometry": {
        "type": "Point",
        "coordinates": [
          18.4202851,
          43.8576483
        ]
      },
      "id": "node/12033142433"
    },
    {
      "type": "Feature",
      "properties": {
        "@id": "node/12037315017",
        "addr:housenumber": "8",
        "addr:street": "Put života",
        "amenity": "cafe",
        "check_date": "2024-07-06",
        "level": "0",
        "name": "BA",
        "opening_hours": "06:00-22:00",
        "outdoor_seating": "yes",
        "payment:cash": "yes",
        "payment:credit_cards": "yes",
        "payment:debit_cards": "yes",
        "wheelchair": "limited"
      },
      "geometry": {
        "type": "Point",
        "coordinates": [
          18.3968191,
          43.8588634
        ]
      },
      "id": "node/12037315017"
    },
    {
      "type": "Feature",
      "properties": {
        "@id": "node/12065882733",
        "amenity": "fast_food",
        "check_date": "2024-07-21",
        "drive_through": "no",
        "name": "Čiko Food Truck",
        "name:en": "Čiko Food Truck",
        "website": "https://me-qr.com/guOIbcN"
      },
      "geometry": {
        "type": "Point",
        "coordinates": [
          18.4035425,
          43.8573977
        ]
      },
      "id": "node/12065882733"
    },
    {
      "type": "Feature",
      "properties": {
        "@id": "node/12084006454",
        "amenity": "cafe",
        "name": "Cafe bar Fratelli"
      },
      "geometry": {
        "type": "Point",
        "coordinates": [
          18.317225,
          43.9225642
        ]
      },
      "id": "node/12084006454"
    },
    {
      "type": "Feature",
      "properties": {
        "@id": "node/12084987290",
        "amenity": "fast_food",
        "drive_through": "no",
        "name": "BASH",
        "phone": "+387 33 670 537",
        "website": "https://www.bash.ba/"
      },
      "geometry": {
        "type": "Point",
        "coordinates": [
          18.3083844,
          43.8302271
        ]
      },
      "id": "node/12084987290"
    },
    {
      "type": "Feature",
      "properties": {
        "@id": "node/12085021689",
        "addr:city": "Ilidža",
        "addr:housenumber": "2D",
        "addr:postcode": "71210",
        "addr:street": "Dr. Mustafe Pintola",
        "alt_name": "Kentucky Fried Chicken",
        "amenity": "fast_food",
        "brand": "KFC",
        "brand:wikidata": "Q524757",
        "check_date:opening_hours": "2025-07-03",
        "cuisine": "chicken",
        "drive_through": "no",
        "name": "KFC",
        "opening_hours": "Mo-Su 10:00-22:00",
        "operator": "TASTRA",
        "takeaway": "yes",
        "website": "https://www.kfc.co.ba/"
      },
      "geometry": {
        "type": "Point",
        "coordinates": [
          18.3091456,
          43.8302618
        ]
      },
      "id": "node/12085021689"
    },
    {
      "type": "Feature",
      "properties": {
        "@id": "node/12085021690",
        "addr:city": "Ilidža",
        "addr:housenumber": "2D",
        "addr:postcode": "71210",
        "addr:street": "Dr. Mustafe Pintola",
        "amenity": "fast_food",
        "brand": "Taco Bell",
        "brand:wikidata": "Q752941",
        "check_date:opening_hours": "2025-07-03",
        "cuisine": "tex-mex",
        "drive_through": "no",
        "internet_access": "wlan",
        "internet_access:fee": "customers",
        "internet_access:ssid": "TACOBELL_GUEST",
        "name": "Taco Bell",
        "opening_hours": "Mo-Su 10:00-22:00",
        "operator": "TASTRA",
        "surveillance": "indoor",
        "takeaway": "yes",
        "website": "https://www.tacobell.ba/"
      },
      "geometry": {
        "type": "Point",
        "coordinates": [
          18.3090663,
          43.8303547
        ]
      },
      "id": "node/12085021690"
    },
    {
      "type": "Feature",
      "properties": {
        "@id": "node/12088763302",
        "amenity": "fast_food",
        "cuisine": "chicken",
        "name": "Chickies"
      },
      "geometry": {
        "type": "Point",
        "coordinates": [
          18.4162386,
          43.858262
        ]
      },
      "id": "node/12088763302"
    },
    {
      "type": "Feature",
      "properties": {
        "@id": "node/12088763303",
        "amenity": "cafe",
        "name": "Cordoba Cafe"
      },
      "geometry": {
        "type": "Point",
        "coordinates": [
          18.4162354,
          43.8582481
        ]
      },
      "id": "node/12088763303"
    },
    {
      "type": "Feature",
      "properties": {
        "@id": "node/12088763304",
        "amenity": "restaurant",
        "name": "Elements"
      },
      "geometry": {
        "type": "Point",
        "coordinates": [
          18.4162472,
          43.8582411
        ]
      },
      "id": "node/12088763304"
    },
    {
      "type": "Feature",
      "properties": {
        "@id": "node/12088763305",
        "amenity": "fast_food",
        "cuisine": "burger",
        "name": "Good Fella's"
      },
      "geometry": {
        "type": "Point",
        "coordinates": [
          18.416259,
          43.8582651
        ]
      },
      "id": "node/12088763305"
    },
    {
      "type": "Feature",
      "properties": {
        "@id": "node/12088763306",
        "amenity": "fast_food",
        "name": "IBES"
      },
      "geometry": {
        "type": "Point",
        "coordinates": [
          18.4162472,
          43.8582381
        ]
      },
      "id": "node/12088763306"
    },
    {
      "type": "Feature",
      "properties": {
        "@id": "node/12088763307",
        "amenity": "restaurant",
        "cuisine": "pizza",
        "name": "Pizzeria Pinochio"
      },
      "geometry": {
        "type": "Point",
        "coordinates": [
          18.416259,
          43.8582566
        ]
      },
      "id": "node/12088763307"
    },
    {
      "type": "Feature",
      "properties": {
        "@id": "node/12088763308",
        "amenity": "restaurant",
        "cuisine": "mexican",
        "name": "Saburrito"
      },
      "geometry": {
        "type": "Point",
        "coordinates": [
          18.4162644,
          43.8582504
        ]
      },
      "id": "node/12088763308"
    },
    {
      "type": "Feature",
      "properties": {
        "@id": "node/12090437176",
        "addr:housenumber": "43",
        "addr:postcode": "71000",
        "addr:street": "Mula Mustafe Bašeskije",
        "amenity": "pub",
        "contact:instagram": "dilemapub",
        "name": "Dilema Pub",
        "opening_hours": "Mo-Sa 07:00-23:00"
      },
      "geometry": {
        "type": "Point",
        "coordinates": [
          18.4284053,
          43.8601118
        ]
      },
      "id": "node/12090437176"
    },
    {
      "type": "Feature",
      "properties": {
        "@id": "node/12122483596",
        "amenity": "restaurant",
        "name": "Buregdžinica Šeher",
        "opening_hours": "Mo-Sa 08:00-17:00"
      },
      "geometry": {
        "type": "Point",
        "coordinates": [
          18.2079467,
          43.8235927
        ]
      },
      "id": "node/12122483596"
    },
    {
      "type": "Feature",
      "properties": {
        "@id": "node/12122565976",
        "addr:city": "Hadžići",
        "addr:housenumber": "161",
        "addr:postcode": "71240",
        "addr:street": "Hadželi",
        "amenity": "restaurant",
        "name": "Panna Cotta",
        "opening_hours": "Mo-Su 07:00-23:00",
        "phone": "+38733423649",
        "website": "https://pannacotta.ba/bs-latn-ba/Meni-Hadzici"
      },
      "geometry": {
        "type": "Point",
        "coordinates": [
          18.2014689,
          43.8216041
        ]
      },
      "id": "node/12122565976"
    },
    {
      "type": "Feature",
      "properties": {
        "@id": "node/12125323001",
        "amenity": "bar",
        "check_date": "2026-04-03",
        "internet_access": "wlan",
        "name": "Wine Not"
      },
      "geometry": {
        "type": "Point",
        "coordinates": [
          18.4297054,
          43.8590574
        ]
      },
      "id": "node/12125323001"
    },
    {
      "type": "Feature",
      "properties": {
        "@id": "node/12143749809",
        "amenity": "fast_food",
        "brand": "Taco Bell",
        "brand:wikidata": "Q752941",
        "cuisine": "tex-mex",
        "drive_through": "no",
        "name": "Taco Bell",
        "operator": "TASTRA",
        "takeaway": "yes",
        "website": "https://www.tacobell.ba/"
      },
      "geometry": {
        "type": "Point",
        "coordinates": [
          18.4076694,
          43.8554723
        ]
      },
      "id": "node/12143749809"
    },
    {
      "type": "Feature",
      "properties": {
        "@id": "node/12357720262",
        "amenity": "restaurant",
        "check_date": "2024-11-20",
        "cuisine": "sushi",
        "diet:vegetarian": "yes",
        "internet_access": "wlan",
        "internet_access:fee": "customers",
        "name": "Sushi San",
        "opening_hours": "Mo-Sa 13:00-20:00",
        "payment:cash": "yes",
        "payment:credit_cards": "yes",
        "payment:debit_cards": "yes",
        "wheelchair": "limited"
      },
      "geometry": {
        "type": "Point",
        "coordinates": [
          18.4252484,
          43.8628401
        ]
      },
      "id": "node/12357720262"
    },
    {
      "type": "Feature",
      "properties": {
        "@id": "node/12357784014",
        "amenity": "cafe",
        "check_date": "2026-05-29",
        "check_date:opening_hours": "2026-05-29",
        "internet_access": "wlan",
        "internet_access:fee": "customers",
        "name": "habitus",
        "opening_hours": "Mo-Su 09:00-17:00",
        "payment:cash": "yes",
        "payment:credit_cards": "yes",
        "payment:debit_cards": "yes",
        "wheelchair": "no"
      },
      "geometry": {
        "type": "Point",
        "coordinates": [
          18.4184523,
          43.8598169
        ]
      },
      "id": "node/12357784014"
    },
    {
      "type": "Feature",
      "properties": {
        "@id": "node/12395648665",
        "addr:city": "Sarajevo",
        "addr:housenumber": "1",
        "addr:postcode": "71000",
        "addr:street": "Čobanija",
        "amenity": "fast_food",
        "cuisine": "burger",
        "name": "Beba Burgers"
      },
      "geometry": {
        "type": "Point",
        "coordinates": [
          18.4205396,
          43.8560705
        ]
      },
      "id": "node/12395648665"
    },
    {
      "type": "Feature",
      "properties": {
        "@id": "node/12395681151",
        "addr:city": "Sarajevo",
        "addr:housenumber": "1",
        "addr:postcode": "71000",
        "addr:street": "Čobanija",
        "amenity": "fast_food",
        "check_date": "2025-07-08",
        "cuisine": "burger;sandwich;american",
        "name": "Rosto",
        "opening_hours": "Su-Fr 10:30-03:00; Sa 12:00-03:00",
        "phone": "+387603595349"
      },
      "geometry": {
        "type": "Point",
        "coordinates": [
          18.4205283,
          43.8560941
        ]
      },
      "id": "node/12395681151"
    },
    {
      "type": "Feature",
      "properties": {
        "@id": "node/12395819646",
        "amenity": "restaurant"
      },
      "geometry": {
        "type": "Point",
        "coordinates": [
          18.4135245,
          43.8619036
        ]
      },
      "id": "node/12395819646"
    },
    {
      "type": "Feature",
      "properties": {
        "@id": "node/12395846001",
        "amenity": "cafe",
        "name": "Caffe R"
      },
      "geometry": {
        "type": "Point",
        "coordinates": [
          18.4151968,
          43.8554389
        ]
      },
      "id": "node/12395846001"
    },
    {
      "type": "Feature",
      "properties": {
        "@id": "node/12504189711",
        "addr:city": "Sarajevo",
        "addr:housenumber": "83",
        "addr:postcode": "71000",
        "addr:street": "Džemala Bijedića",
        "amenity": "restaurant",
        "cuisine": "sandwich;chicken;coffee_shop",
        "name": "Idillio",
        "opening_hours": "Mo-Su 07:00-23:00",
        "phone": "+38733877327"
      },
      "geometry": {
        "type": "Point",
        "coordinates": [
          18.3684088,
          43.8508411
        ]
      },
      "id": "node/12504189711"
    },
    {
      "type": "Feature",
      "properties": {
        "@id": "node/12504189712",
        "addr:city": "Sarajevo",
        "addr:postcode": "71000",
        "addr:street": "Džemala Bijedića",
        "amenity": "restaurant",
        "cuisine": "chicken;coffee_shop;sandwich",
        "diet:halal": "yes",
        "name": "Melody",
        "opening_hours": "Mo-Sa 07:00-23:00",
        "phone": "+38762273657"
      },
      "geometry": {
        "type": "Point",
        "coordinates": [
          18.3679771,
          43.8511232
        ]
      },
      "id": "node/12504189712"
    },
    {
      "type": "Feature",
      "properties": {
        "@id": "node/12506868460",
        "addr:city": "Sarajevo",
        "addr:housenumber": "37a",
        "addr:postcode": "71000",
        "addr:street": "Paromlinska",
        "amenity": "restaurant",
        "cuisine": "soup;salad",
        "name": "Aščinica Mošćanica",
        "opening_hours": "Mo-Sa 08:00-16:00",
        "phone": "+38733610374"
      },
      "geometry": {
        "type": "Point",
        "coordinates": [
          18.3789592,
          43.8538279
        ]
      },
      "id": "node/12506868460"
    },
    {
      "type": "Feature",
      "properties": {
        "@id": "node/12631327194",
        "addr:street": "Ahmeta Ljubunčića",
        "amenity": "cafe",
        "internet_access": "yes",
        "internet_access:fee": "no",
        "name": "Corner",
        "outdoor_seating": "yes"
      },
      "geometry": {
        "type": "Point",
        "coordinates": [
          18.3096546,
          43.8163081
        ]
      },
      "id": "node/12631327194"
    },
    {
      "type": "Feature",
      "properties": {
        "@id": "node/12631327195",
        "amenity": "cafe",
        "name": "imperial"
      },
      "geometry": {
        "type": "Point",
        "coordinates": [
          18.312547,
          43.8153573
        ]
      },
      "id": "node/12631327195"
    },
    {
      "type": "Feature",
      "properties": {
        "@id": "node/12640565285",
        "amenity": "cafe",
        "brand": "Caribou Coffee",
        "brand:wikidata": "Q5039494",
        "cuisine": "coffee_shop",
        "name": "Caribou Coffee",
        "takeaway": "yes"
      },
      "geometry": {
        "type": "Point",
        "coordinates": [
          18.300662,
          43.8305764
        ]
      },
      "id": "node/12640565285"
    },
    {
      "type": "Feature",
      "properties": {
        "@id": "node/12771927631",
        "amenity": "cafe",
        "name": "Barcelona"
      },
      "geometry": {
        "type": "Point",
        "coordinates": [
          18.3463287,
          43.8385102
        ]
      },
      "id": "node/12771927631"
    },
    {
      "type": "Feature",
      "properties": {
        "@id": "node/12772377486",
        "amenity": "restaurant",
        "name": "Restaurante Lavola"
      },
      "geometry": {
        "type": "Point",
        "coordinates": [
          18.4200027,
          43.8584734
        ]
      },
      "id": "node/12772377486"
    },
    {
      "type": "Feature",
      "properties": {
        "@id": "node/12799908762",
        "addr:city": "Hadžići",
        "addr:housenumber": "14",
        "addr:postcode": "71240",
        "addr:street": "Dzamijska",
        "amenity": "pub",
        "name": "The Snug Pub",
        "opening_hours": "Mo-Su 07:00-23:50",
        "phone": "+38733832862"
      },
      "geometry": {
        "type": "Point",
        "coordinates": [
          18.2055072,
          43.8234016
        ]
      },
      "id": "node/12799908762"
    },
    {
      "type": "Feature",
      "properties": {
        "@id": "node/12902327709",
        "addr:city": "Istočno Sarajevo",
        "addr:street": "Vojvode Radomira Putnika",
        "amenity": "cafe",
        "name": "Vanila",
        "outdoor_seating": "no"
      },
      "geometry": {
        "type": "Point",
        "coordinates": [
          18.3617004,
          43.8237584
        ]
      },
      "id": "node/12902327709"
    },
    {
      "type": "Feature",
      "properties": {
        "@id": "node/12905501212",
        "addr:city": "Istočna Ilidža",
        "addr:street": "Sokolska",
        "amenity": "bar",
        "name": "Kafana KS Knežević"
      },
      "geometry": {
        "type": "Point",
        "coordinates": [
          18.3871342,
          43.7983293
        ]
      },
      "id": "node/12905501212"
    },
    {
      "type": "Feature",
      "properties": {
        "@id": "node/12926528901",
        "amenity": "bar",
        "name": "The Bar",
        "outdoor_seating": "yes"
      },
      "geometry": {
        "type": "Point",
        "coordinates": [
          18.4197975,
          43.8558469
        ]
      },
      "id": "node/12926528901"
    },
    {
      "type": "Feature",
      "properties": {
        "@id": "node/12964157449",
        "addr:city": "Sarajevo",
        "addr:housenumber": "12",
        "addr:postcode": "71000",
        "addr:street": "Trg heroja",
        "alt_name": "Maslina",
        "amenity": "restaurant",
        "cuisine": "pizza",
        "name": "Pizzeria Maslina"
      },
      "geometry": {
        "type": "Point",
        "coordinates": [
          18.3841589,
          43.8488302
        ]
      },
      "id": "node/12964157449"
    },
    {
      "type": "Feature",
      "properties": {
        "@id": "node/12988497125",
        "addr:city": "Sarajevo",
        "addr:housenumber": "1",
        "addr:postcode": "71000",
        "addr:street": "Čobanija",
        "amenity": "fast_food",
        "cuisine": "pizza",
        "name": "Proper Pizza",
        "opening_hours": "Mo-Do 10:00-01:00; Fr 10:00-02:00; Sa 11:00-02:30; So 12:00-00:00",
        "phone": "+38762202090"
      },
      "geometry": {
        "type": "Point",
        "coordinates": [
          18.4205987,
          43.855899
        ]
      },
      "id": "node/12988497125"
    },
    {
      "type": "Feature",
      "properties": {
        "@id": "node/12988596573",
        "addr:city": "Sarajevo",
        "addr:housenumber": "14",
        "addr:postcode": "71000",
        "addr:street": "Mehmeda Handžića",
        "amenity": "bar",
        "opening_hours": "Mo-Fr 17:00-00:00; Sa-Su 15:00-00:00"
      },
      "geometry": {
        "type": "Point",
        "coordinates": [
          18.423398,
          43.8646457
        ]
      },
      "id": "node/12988596573"
    },
    {
      "type": "Feature",
      "properties": {
        "@id": "node/12989612646",
        "alt_name": "Juice&Smoothies ARIA",
        "amenity": "fast_food",
        "check_date": "2025-07-09",
        "cuisine": "juice",
        "name": "Juice & Smoothies - Trg djece Sarajeva",
        "opening_hours": "Mo-Sa 08:00-22:00; Su 10:00-18:00",
        "phone": "+38762180990",
        "website": "http://www.juiceandsmoothies.ba/"
      },
      "geometry": {
        "type": "Point",
        "coordinates": [
          18.4167539,
          43.8584606
        ]
      },
      "id": "node/12989612646"
    },
    {
      "type": "Feature",
      "properties": {
        "@id": "node/12990027680",
        "amenity": "cafe",
        "name": "Djul Café",
        "opening_hours": "Mo-Su 08:00-00:00",
        "outdoor_seating": "yes"
      },
      "geometry": {
        "type": "Point",
        "coordinates": [
          18.4325343,
          43.8587317
        ]
      },
      "id": "node/12990027680"
    },
    {
      "type": "Feature",
      "properties": {
        "@id": "node/12990027681",
        "addr:city": "Sarajevo",
        "addr:housenumber": "7",
        "addr:postcode": "71000",
        "addr:street": "Tabaci",
        "amenity": "public_bath",
        "bath:open_air": "no",
        "bath:type": "hammam",
        "name": "Amman Spa & Hammam",
        "opening_hours": "Mo-Su 10:00-23:00"
      },
      "geometry": {
        "type": "Point",
        "coordinates": [
          18.432205,
          43.8586737
        ]
      },
      "id": "node/12990027681"
    },
    {
      "type": "Feature",
      "properties": {
        "@id": "node/12990096220",
        "addr:city": "Sarajevo",
        "addr:postcode": "71000",
        "addr:street": "Bravadžiluk",
        "amenity": "fast_food",
        "cuisine": "calzone;burger;sandwich",
        "name": "Mahala",
        "opening_hours": "Mo-Su 09:00-01:00",
        "website:menu": "https://korpa.ba/partner/mahala-food"
      },
      "geometry": {
        "type": "Point",
        "coordinates": [
          18.4317025,
          43.8587411
        ]
      },
      "id": "node/12990096220"
    },
    {
      "type": "Feature",
      "properties": {
        "@id": "node/12990096223",
        "addr:city": "Sarajevo",
        "addr:housenumber": "5",
        "addr:postcode": "71000",
        "addr:street": "Bravadžiluk",
        "amenity": "restaurant",
        "cuisine": "regional;balkan",
        "name": "Staklo",
        "opening_hours": "Mo-Su 08:00-23:00"
      },
      "geometry": {
        "type": "Point",
        "coordinates": [
          18.4314839,
          43.8590311
        ]
      },
      "id": "node/12990096223"
    },
    {
      "type": "Feature",
      "properties": {
        "@id": "node/12990096226",
        "addr:city": "Sarajevo",
        "addr:housenumber": "24",
        "addr:postcode": "71000",
        "addr:street": "Bravadžiluk",
        "amenity": "restaurant",
        "cuisine": "balkan;regional",
        "name": "Aščinica BISTRICA",
        "opening_hours": "Mo-Sa 06:30-15:00",
        "phone": "+38761224016"
      },
      "geometry": {
        "type": "Point",
        "coordinates": [
          18.4314444,
          43.8589669
        ]
      },
      "id": "node/12990096226"
    },
    {
      "type": "Feature",
      "properties": {
        "@id": "node/12990096227",
        "addr:city": "Sarajevo",
        "addr:postcode": "71000",
        "addr:street": "Bravadžiluk",
        "amenity": "pub",
        "name": "Cassina",
        "phone": "+38733869846"
      },
      "geometry": {
        "type": "Point",
        "coordinates": [
          18.431469,
          43.8588728
        ]
      },
      "id": "node/12990096227"
    },
    {
      "type": "Feature",
      "properties": {
        "@id": "node/12990096230",
        "addr:city": "Sarajevo",
        "addr:housenumber": "3",
        "addr:postcode": "71000",
        "addr:street": "Bravadžiluk",
        "amenity": "restaurant",
        "cuisine": "steak_house",
        "delivery": "yes",
        "name": "Bosanska Kuca",
        "opening_hours": "24/7",
        "phone": "+38761135373",
        "website": "https://www.bosanskakuca.com/"
      },
      "geometry": {
        "type": "Point",
        "coordinates": [
          18.4314255,
          43.8590249
        ]
      },
      "id": "node/12990096230"
    },
    {
      "type": "Feature",
      "properties": {
        "@id": "node/12990117802",
        "addr:city": "Sarajevo",
        "addr:housenumber": "36",
        "addr:postcode": "71000",
        "addr:street": "Bravadžiluk",
        "amenity": "cafe",
        "contact:facebook": "https://www.facebook.com/sehardoo/",
        "name": "Kafa Šehar",
        "opening_hours": "Mo-Su 08:00-23:00",
        "phone": "+38761150596"
      },
      "geometry": {
        "type": "Point",
        "coordinates": [
          18.4321007,
          43.8589355
        ]
      },
      "id": "node/12990117802"
    },
    {
      "type": "Feature",
      "properties": {
        "@id": "node/12990117804",
        "addr:city": "Sarajevo",
        "addr:housenumber": "1",
        "addr:postcode": "71000",
        "addr:street": "Baščaršija",
        "amenity": "cafe",
        "name": "Aksaraj",
        "opening_hours": "Mo-Su 07:00-11:00"
      },
      "geometry": {
        "type": "Point",
        "coordinates": [
          18.4324246,
          43.8590238
        ]
      },
      "id": "node/12990117804"
    },
    {
      "type": "Feature",
      "properties": {
        "@id": "node/12997454601",
        "amenity": "bar",
        "name": "Thriller Caffe Bar"
      },
      "geometry": {
        "type": "Point",
        "coordinates": [
          18.4255525,
          43.858873
        ]
      },
      "id": "node/12997454601"
    },
    {
      "type": "Feature",
      "properties": {
        "@id": "node/13011243327",
        "amenity": "pub",
        "check_date": "2025-07-19",
        "name": "Czech Inn"
      },
      "geometry": {
        "type": "Point",
        "coordinates": [
          18.3690525,
          43.8255679
        ]
      },
      "id": "node/13011243327"
    },
    {
      "type": "Feature",
      "properties": {
        "@id": "node/13050093106",
        "amenity": "restaurant",
        "name": "Euro Klas Restoran",
        "opening_hours": "Mo-Su 07:30-22:00"
      },
      "geometry": {
        "type": "Point",
        "coordinates": [
          18.207426,
          43.8221305
        ]
      },
      "id": "node/13050093106"
    },
    {
      "type": "Feature",
      "properties": {
        "@id": "node/13086948697",
        "amenity": "cafe",
        "name": "Juice & coffee Life bar"
      },
      "geometry": {
        "type": "Point",
        "coordinates": [
          18.3628579,
          43.8502053
        ]
      },
      "id": "node/13086948697"
    },
    {
      "type": "Feature",
      "properties": {
        "@id": "node/13086959008",
        "amenity": "cafe",
        "name": "Caffe Avalon"
      },
      "geometry": {
        "type": "Point",
        "coordinates": [
          18.3627041,
          43.8501864
        ]
      },
      "id": "node/13086959008"
    },
    {
      "type": "Feature",
      "properties": {
        "@id": "node/13114224754",
        "addr:city": "Istočno Sarajevo",
        "addr:housenumber": "7",
        "addr:postcode": "71123",
        "addr:street": "Akademika Boriše Starovića",
        "amenity": "cafe",
        "internet_access": "yes",
        "internet_access:fee": "no",
        "name": "Озеро",
        "opening_hours": "Mo-Su 07:00-23:00",
        "outdoor_seating": "yes"
      },
      "geometry": {
        "type": "Point",
        "coordinates": [
          18.3665318,
          43.8163463
        ]
      },
      "id": "node/13114224754"
    },
    {
      "type": "Feature",
      "properties": {
        "@id": "node/13177665701",
        "amenity": "fast_food",
        "name": "Bureck"
      },
      "geometry": {
        "type": "Point",
        "coordinates": [
          18.3391231,
          43.8272743
        ]
      },
      "id": "node/13177665701"
    },
    {
      "type": "Feature",
      "properties": {
        "@id": "node/13184581915",
        "addr:city": "Sarajevo",
        "addr:housenumber": "1",
        "addr:postcode": "71000",
        "addr:street": "Trg solidarnosti",
        "amenity": "restaurant",
        "name": "H&S",
        "opening_hours": "Mo-Sa 08:00-22:00, Sunday 09:30-18:30",
        "phone": "061700563"
      },
      "geometry": {
        "type": "Point",
        "coordinates": [
          18.3517452,
          43.8453142
        ]
      },
      "id": "node/13184581915"
    },
    {
      "type": "Feature",
      "properties": {
        "@id": "node/13192278307",
        "amenity": "cafe",
        "check_date": "2025-10-04",
        "name": "Fuka",
        "opening_hours": "08:00-23:00",
        "toilets": "yes",
        "website:menu": "https://menu.bloopyou.com/code/puur3473"
      },
      "geometry": {
        "type": "Point",
        "coordinates": [
          18.4225643,
          43.858696
        ]
      },
      "id": "node/13192278307"
    },
    {
      "type": "Feature",
      "properties": {
        "@id": "node/13238540848",
        "addr:city": "Sarajevo",
        "addr:postcode": "71000",
        "addr:street": "Braće Begić",
        "amenity": "cafe",
        "name": "Dolar"
      },
      "geometry": {
        "type": "Point",
        "coordinates": [
          18.4056948,
          43.8683157
        ]
      },
      "id": "node/13238540848"
    },
    {
      "type": "Feature",
      "properties": {
        "@id": "node/13246229511",
        "amenity": "restaurant",
        "cuisine": "italian",
        "name": "La Trattoria"
      },
      "geometry": {
        "type": "Point",
        "coordinates": [
          18.4179871,
          43.8570231
        ]
      },
      "id": "node/13246229511"
    },
    {
      "type": "Feature",
      "properties": {
        "@id": "node/13246229512",
        "amenity": "restaurant",
        "cuisine": "burger",
        "name": "ETA Burgers"
      },
      "geometry": {
        "type": "Point",
        "coordinates": [
          18.4179953,
          43.8571037
        ]
      },
      "id": "node/13246229512"
    },
    {
      "type": "Feature",
      "properties": {
        "@id": "node/13246229515",
        "amenity": "restaurant",
        "name": "Terra"
      },
      "geometry": {
        "type": "Point",
        "coordinates": [
          18.4178826,
          43.8575754
        ]
      },
      "id": "node/13246229515"
    },
    {
      "type": "Feature",
      "properties": {
        "@id": "node/13249441072",
        "addr:housenumber": "2",
        "addr:street": "Dalmatinska",
        "amenity": "cafe",
        "contact:instagram": "https://www.instagram.com/fabrika_coffee/",
        "cuisine": "coffee_shop;dessert",
        "name": "Fabrika",
        "opening_hours": "Mo-Sa 07:00-23:00; Su 12:00-20:00",
        "smoking": "separated",
        "website": "https://fabrikacoffee.com/"
      },
      "geometry": {
        "type": "Point",
        "coordinates": [
          18.4205374,
          43.8593003
        ]
      },
      "id": "node/13249441072"
    },
    {
      "type": "Feature",
      "properties": {
        "@id": "node/13249590747",
        "amenity": "cafe",
        "check_date": "2025-10-22",
        "name": "Funky Chef"
      },
      "geometry": {
        "type": "Point",
        "coordinates": [
          18.4172765,
          43.8571378
        ]
      },
      "id": "node/13249590747"
    },
    {
      "type": "Feature",
      "properties": {
        "@id": "node/13249590748",
        "amenity": "cafe",
        "check_date": "2025-10-22",
        "name": "Cordoba"
      },
      "geometry": {
        "type": "Point",
        "coordinates": [
          18.4170692,
          43.8584933
        ]
      },
      "id": "node/13249590748"
    },
    {
      "type": "Feature",
      "properties": {
        "@id": "node/13404270594",
        "amenity": "restaurant",
        "name": "Ćevabdžinica Aščinica",
        "opening_hours": "Mo-Fr 08:00-17:00; Sa 08:00-16:00; Su off",
        "phone": "+387 61 194 826"
      },
      "geometry": {
        "type": "Point",
        "coordinates": [
          18.2010486,
          43.8216566
        ]
      },
      "id": "node/13404270594"
    },
    {
      "type": "Feature",
      "properties": {
        "@id": "node/13404270595",
        "amenity": "restaurant",
        "cuisine": "pizza",
        "name": "Pizzeria Garfild",
        "opening_hours": "Mo-Fr 08:00-18:00; Sa-Su off",
        "phone": "+387 62 099 339"
      },
      "geometry": {
        "type": "Point",
        "coordinates": [
          18.2065451,
          43.8226228
        ]
      },
      "id": "node/13404270595"
    },
    {
      "type": "Feature",
      "properties": {
        "@id": "node/13404270596",
        "amenity": "fast_food",
        "cuisine": "popcorn",
        "man_made": "kiosk",
        "temporary": "yes"
      },
      "geometry": {
        "type": "Point",
        "coordinates": [
          18.203993,
          43.8223992
        ]
      },
      "id": "node/13404270596"
    },
    {
      "type": "Feature",
      "properties": {
        "@id": "node/13410043654",
        "addr:city": "Sarajevo",
        "addr:housenumber": "10",
        "addr:postcode": "71000",
        "addr:street": "Halači",
        "amenity": "restaurant",
        "cuisine": "arab",
        "delivery": "yes",
        "name": "Arabic Resturant Abu Žadallah",
        "name:en": "Abu Žadallah-Old Town",
        "phone": "+38761095555",
        "takeaway": "yes"
      },
      "geometry": {
        "type": "Point",
        "coordinates": [
          18.4308373,
          43.8586045
        ]
      },
      "id": "node/13410043654"
    },
    {
      "type": "Feature",
      "properties": {
        "@id": "node/13410043655",
        "amenity": "cafe",
        "name": "Laheri Book Caffe"
      },
      "geometry": {
        "type": "Point",
        "coordinates": [
          18.4308476,
          43.8586331
        ]
      },
      "id": "node/13410043655"
    },
    {
      "type": "Feature",
      "properties": {
        "@id": "node/13418753994",
        "amenity": "cafe",
        "contact:facebook": "100035399872001",
        "contact:instagram": "caffe_slasticarna_centar",
        "name": "Caffe Slastičarna Centar",
        "opening_hours": "Mo-Su 06:00-22:00",
        "phone": "+387 61 199 921"
      },
      "geometry": {
        "type": "Point",
        "coordinates": [
          18.2015254,
          43.8219217
        ]
      },
      "id": "node/13418753994"
    },
    {
      "type": "Feature",
      "properties": {
        "@id": "node/13433930217",
        "addr:city": "Sarajevo",
        "addr:postcode": "71000",
        "addr:street": "Kundurdžiluk",
        "amenity": "restaurant",
        "cuisine": "pizza",
        "name": "UR Pizzeria Palma"
      },
      "geometry": {
        "type": "Point",
        "coordinates": [
          18.4299052,
          43.8586914
        ]
      },
      "id": "node/13433930217"
    },
    {
      "type": "Feature",
      "properties": {
        "@id": "node/13514731401",
        "addr:housenumber": "1",
        "addr:street": "Čurčiluk veliki",
        "amenity": "restaurant",
        "name": "Restoran Čaršija",
        "outdoor_seating": "yes",
        "phone": "+387 33 972-800",
        "self_service": "no"
      },
      "geometry": {
        "type": "Point",
        "coordinates": [
          18.4284019,
          43.8586977
        ]
      },
      "id": "node/13514731401"
    },
    {
      "type": "Feature",
      "properties": {
        "@id": "node/13569693101",
        "addr:housenumber": "6",
        "addr:postcode": "71000",
        "addr:street": "Mis Irbina",
        "amenity": "fast_food",
        "cuisine": "balkan",
        "name": "Kod Bejana",
        "phone": "+38762077588",
        "self_service": "partially"
      },
      "geometry": {
        "type": "Point",
        "coordinates": [
          18.4148287,
          43.8573056
        ]
      },
      "id": "node/13569693101"
    },
    {
      "type": "Feature",
      "properties": {
        "@id": "node/13599447756",
        "amenity": "restaurant",
        "check_date": "2026-02-25",
        "name": "Koto"
      },
      "geometry": {
        "type": "Point",
        "coordinates": [
          18.342879,
          43.8446795
        ]
      },
      "id": "node/13599447756"
    },
    {
      "type": "Feature",
      "properties": {
        "@id": "node/13603951635",
        "addr:housenumber": "279K",
        "addr:street": "Džemala Bijedića",
        "amenity": "pub",
        "check_date": "2026-02-26",
        "level": "0",
        "name": "Arka",
        "opening_hours": "Mo-Sa 08:00-23:30; Su 09:00-23:00",
        "website": "https://pubarka.ba/",
        "wheelchair": "yes"
      },
      "geometry": {
        "type": "Point",
        "coordinates": [
          18.3231446,
          43.8399412
        ]
      },
      "id": "node/13603951635"
    },
    {
      "type": "Feature",
      "properties": {
        "@id": "node/13622222101",
        "addr:housenumber": "54",
        "addr:postcode": "71000",
        "addr:street": "Sarači",
        "amenity": "cafe",
        "check_date": "2026-03-06",
        "check_date:opening_hours": "2026-03-06",
        "contact:facebook": "caffeayna",
        "contact:instagram": "caffeayna",
        "internet_access": "wlan",
        "level": "0",
        "name": "Ayna",
        "opening_hours": "Mo-Su 07:00-23:00",
        "phone": "+387 33 238-844"
      },
      "geometry": {
        "type": "Point",
        "coordinates": [
          18.4303429,
          43.8593481
        ]
      },
      "id": "node/13622222101"
    },
    {
      "type": "Feature",
      "properties": {
        "@id": "node/13624541502",
        "addr:housenumber": "2",
        "addr:street": "Srpskih vladara",
        "amenity": "cafe",
        "check_date": "2026-03-07",
        "check_date:opening_hours": "2026-03-07",
        "name": "Caffe Putnik",
        "opening_hours": "Mo-Su 05:00-23:00"
      },
      "geometry": {
        "type": "Point",
        "coordinates": [
          18.3565677,
          43.8236402
        ]
      },
      "id": "node/13624541502"
    },
    {
      "type": "Feature",
      "properties": {
        "@id": "node/13624573302",
        "addr:housenumber": "2",
        "addr:street": "Srpskih vladara",
        "amenity": "cafe",
        "check_date": "2026-03-07",
        "internet_access": "wlan",
        "level": "0",
        "name": "Caffe SN"
      },
      "geometry": {
        "type": "Point",
        "coordinates": [
          18.3561973,
          43.8238322
        ]
      },
      "id": "node/13624573302"
    },
    {
      "type": "Feature",
      "properties": {
        "@id": "node/13703372565",
        "addr:housenumber": "31",
        "addr:street": "Baščaršija",
        "amenity": "restaurant",
        "check_date": "2026-04-03",
        "cuisine": "turkish",
        "name": "Sofra"
      },
      "geometry": {
        "type": "Point",
        "coordinates": [
          18.4312597,
          43.8595392
        ]
      },
      "id": "node/13703372565"
    },
    {
      "type": "Feature",
      "properties": {
        "@id": "node/13704272797",
        "amenity": "restaurant",
        "check_date": "2026-04-03",
        "name": "Loka"
      },
      "geometry": {
        "type": "Point",
        "coordinates": [
          18.4259981,
          43.8591608
        ]
      },
      "id": "node/13704272797"
    },
    {
      "type": "Feature",
      "properties": {
        "@id": "node/13704272798",
        "amenity": "bar",
        "check_date": "2026-04-03",
        "name": "Inferno"
      },
      "geometry": {
        "type": "Point",
        "coordinates": [
          18.405074,
          43.8576319
        ]
      },
      "id": "node/13704272798"
    },
    {
      "type": "Feature",
      "properties": {
        "@id": "node/13704272799",
        "amenity": "cafe",
        "check_date": "2026-04-03",
        "name": "Le.Sal+Co."
      },
      "geometry": {
        "type": "Point",
        "coordinates": [
          18.4041467,
          43.8578836
        ]
      },
      "id": "node/13704272799"
    },
    {
      "type": "Feature",
      "properties": {
        "@id": "node/13704272800",
        "amenity": "bar",
        "check_date": "2026-04-03",
        "internet_access": "wlan",
        "internet_access:fee": "no",
        "internet_access:ssid": "MERCUR",
        "name": "Mercur",
        "sport": "billiards"
      },
      "geometry": {
        "type": "Point",
        "coordinates": [
          18.4039944,
          43.8580424
        ]
      },
      "id": "node/13704272800"
    },
    {
      "type": "Feature",
      "properties": {
        "@id": "node/13704426278",
        "addr:housenumber": "21",
        "addr:street": "Čizmedžiluk",
        "amenity": "fast_food",
        "check_date": "2026-04-03",
        "diet:halal": "only",
        "name": "Alo-Alo"
      },
      "geometry": {
        "type": "Point",
        "coordinates": [
          18.4295284,
          43.8593027
        ]
      },
      "id": "node/13704426278"
    },
    {
      "type": "Feature",
      "properties": {
        "@id": "node/13705788279",
        "amenity": "bar",
        "check_date": "2026-04-04",
        "name": "FitBar"
      },
      "geometry": {
        "type": "Point",
        "coordinates": [
          18.4180696,
          43.8582723
        ]
      },
      "id": "node/13705788279"
    },
    {
      "type": "Feature",
      "properties": {
        "@id": "node/13711241087",
        "amenity": "restaurant",
        "name": "As",
        "name:sr": "Ас",
        "smoking": "yes"
      },
      "geometry": {
        "type": "Point",
        "coordinates": [
          18.3538215,
          43.787009
        ]
      },
      "id": "node/13711241087"
    },
    {
      "type": "Feature",
      "properties": {
        "@id": "node/13791174864",
        "amenity": "pub",
        "check_date": "2026-05-03",
        "name": "Old Pub"
      },
      "geometry": {
        "type": "Point",
        "coordinates": [
          18.4018851,
          43.8585869
        ]
      },
      "id": "node/13791174864"
    },
    {
      "type": "Feature",
      "properties": {
        "@id": "node/13791174865",
        "amenity": "restaurant",
        "check_date": "2026-05-03",
        "cuisine": "pizza",
        "name": "Margherita"
      },
      "geometry": {
        "type": "Point",
        "coordinates": [
          18.4028921,
          43.8580881
        ]
      },
      "id": "node/13791174865"
    },
    {
      "type": "Feature",
      "properties": {
        "@id": "node/13805934042",
        "amenity": "restaurant",
        "check_date": "2026-05-07",
        "cuisine": "regional",
        "name": "Domaća Kuhinja",
        "payment:cash": "yes",
        "payment:credit_cards": "yes",
        "payment:debit_cards": "yes"
      },
      "geometry": {
        "type": "Point",
        "coordinates": [
          18.4088545,
          43.8565939
        ]
      },
      "id": "node/13805934042"
    },
    {
      "type": "Feature",
      "properties": {
        "@id": "node/13828251676",
        "amenity": "pub",
        "check_date": "2026-05-14",
        "internet_access": "wlan",
        "internet_access:fee": "customers",
        "name": "Lacava Pub",
        "outdoor_seating": "yes",
        "wheelchair": "limited"
      },
      "geometry": {
        "type": "Point",
        "coordinates": [
          18.4284724,
          43.8588466
        ]
      },
      "id": "node/13828251676"
    },
    {
      "type": "Feature",
      "properties": {
        "@id": "node/13901427512",
        "addr:housenumber": "24A",
        "addr:postcode": "71210",
        "addr:street": "Kurta Schorka",
        "amenity": "cafe",
        "mobile": "+387 62 472 146",
        "name": "Diverzija",
        "outdoor_seating": "yes",
        "website": "https://www.diverzija.com"
      },
      "geometry": {
        "type": "Point",
        "coordinates": [
          18.3283235,
          43.8349892
        ]
      },
      "id": "node/13901427512"
    },
    {
      "type": "Feature",
      "properties": {
        "@id": "node/13906898401",
        "amenity": "cafe",
        "check_date": "2026-06-03",
        "check_date:opening_hours": "2026-06-03",
        "opening_hours": "Mo-Su 08:00-17:00"
      },
      "geometry": {
        "type": "Point",
        "coordinates": [
          18.3369054,
          43.8198019
        ]
      },
      "id": "node/13906898401"
    },
    {
      "type": "Feature",
      "properties": {
        "@id": "node/13908979873",
        "addr:city": "Istočno Sarajevo",
        "addr:street": "Kasindolskog bataljona",
        "amenity": "cafe",
        "name": "Brčko gas"
      },
      "geometry": {
        "type": "Point",
        "coordinates": [
          18.3609651,
          43.8160582
        ]
      },
      "id": "node/13908979873"
    },
    {
      "type": "Feature",
      "properties": {
        "@id": "node/13918490601",
        "addr:housenumber": "41",
        "addr:postcode": "71000",
        "addr:street": "Mula Mustafe Bašeskije",
        "amenity": "restaurant",
        "name": "C'est La Vie",
        "opening_hours": "Mo-Sa 08:00-20:00",
        "phone": "033536659",
        "self_service": "no"
      },
      "geometry": {
        "type": "Point",
        "coordinates": [
          18.4281682,
          43.8601319
        ]
      },
      "id": "node/13918490601"
    },
    {
      "type": "Feature",
      "properties": {
        "@id": "node/13918499901",
        "addr:housenumber": "1",
        "addr:postcode": "71000",
        "addr:street": "Đulagina čikma",
        "amenity": "bar",
        "name": "Board Room"
      },
      "geometry": {
        "type": "Point",
        "coordinates": [
          18.4296695,
          43.8596122
        ]
      },
      "id": "node/13918499901"
    },
    {
      "type": "Feature",
      "properties": {
        "@id": "node/14031169205",
        "amenity": "fast_food",
        "cuisine": "balkan;local",
        "name": "Besplanta Dostava"
      },
      "geometry": {
        "type": "Point",
        "coordinates": [
          18.383662,
          43.855841
        ]
      },
      "id": "node/14031169205"
    },
    {
      "type": "Feature",
      "properties": {
        "@id": "node/14070136114",
        "amenity": "restaurant",
        "name": "LaLinea Doner Hrasno",
        "phone": "+38733641321",
        "website": "https://glovoapp.com/bs/ba/sarajevo/stores/la-linea-srv"
      },
      "geometry": {
        "type": "Point",
        "coordinates": [
          18.3843326,
          43.8491839
        ]
      },
      "id": "node/14070136114"
    },
    {
      "type": "Feature",
      "properties": {
        "@id": "node/14071267701",
        "addr:housenumber": "4",
        "addr:street": "Bazardžani",
        "amenity": "restaurant",
        "cuisine": "regional",
        "diet:vegan": "yes",
        "diet:vegetarian": "yes",
        "name": "Sham",
        "opening_hours": "Mo-Su 09:00-23:00",
        "outdoor_seating": "yes",
        "phone": "+387 61 080 469"
      },
      "geometry": {
        "type": "Point",
        "coordinates": [
          18.4302101,
          43.8584313
        ]
      },
      "id": "node/14071267701"
    },
    {
      "type": "Feature",
      "properties": {
        "@id": "node/14075691033",
        "addr:city": "Hadžići",
        "addr:housenumber": "41",
        "addr:street": "Hadželi",
        "amenity": "fast_food",
        "cuisine": "regional;barbecue",
        "name": "Grill Mujanić",
        "opening_hours": "Mo-Su 07:00-21:00",
        "operator": "Mujanić d.o.o.",
        "phone": "+387 61 591 335"
      },
      "geometry": {
        "type": "Point",
        "coordinates": [
          18.2059698,
          43.8226914
        ]
      },
      "id": "node/14075691033"
    },
    {
      "type": "Feature",
      "properties": {
        "@id": "node/14075691035",
        "addr:housenumber": "15",
        "addr:street": "Hadželi",
        "amenity": "cafe",
        "hookah": "yes",
        "name": "Hookah Bar Barista",
        "opening_hours": "Mo-Su 08:00-23:00"
      },
      "geometry": {
        "type": "Point",
        "coordinates": [
          18.2064874,
          43.8227181
        ]
      },
      "id": "node/14075691035"
    },
    {
      "type": "Feature",
      "properties": {
        "@id": "node/14099010101",
        "addr:housenumber": "1",
        "addr:postcode": "71000",
        "addr:street": "Strossmayerova",
        "amenity": "cafe",
        "check_date": "2026-08-16",
        "check_date:opening_hours": "2026-08-16",
        "cuisine": "coffee_shop",
        "diet:vegan": "yes",
        "diet:vegetarian": "yes",
        "level": "0",
        "name": "Franck Experience Store Sarajevo",
        "opening_hours": "Mo-Fr 07:00-23:00; Sa-Su 08:00-23:00",
        "website": "http://shop.franck.ba"
      },
      "geometry": {
        "type": "Point",
        "coordinates": [
          18.4256711,
          43.8583291
        ]
      },
      "id": "node/14099010101"
    },
    {
      "type": "Feature",
      "properties": {
        "@id": "node/14140680201",
        "addr:postcode": "71000",
        "addr:street": "Bulevar branilaca Dobrinje",
        "amenity": "restaurant",
        "name": "Bulevar Caffe Restoran",
        "opening_hours": "Mo-Su 07:00-23:00",
        "phone": "+387 61 352 620"
      },
      "geometry": {
        "type": "Point",
        "coordinates": [
          18.3536661,
          43.826199
        ]
      },
      "id": "node/14140680201"
    }
  ]
}